date,datatype,station,value,fl_M,fl_S,elevation,mindate,maxdate,latitude,name,datacoverage,id,elevationUnit,longitude
2018-01-01T00:00:00,PRCP,GHCND:GM000001474,449.2,,E,4,1890-01-01,2020-03-29,53.1017,"BREMEN SEEFAHRTSCHULE, GM",0.9936,GHCND:GM000001474,METERS,8.7842
2018-01-01T00:00:00,PRCP,GHCND:GM000002288,666.9,,E,285,1901-01-01,2020-02-29,49.4253,"KAISERSLAUTERN, GM",0.8609,GHCND:GM000002288,METERS,7.7367
2018-01-01T00:00:00,PRCP,GHCND:GM000003038,414.7,,E,59,1890-01-01,2020-02-29,53.6442,"SCHWERIN, GM",0.9815,GHCND:GM000003038,METERS,11.3883
2018-01-01T00:00:00,PRCP,GHCND:GM000003319,359.3,,E,51,1876-01-01,2020-02-29,52.4639,"BERLIN DAHLEM, GM",0.9964,GHCND:GM000003319,METERS,13.3017
2018-01-01T00:00:00,PRCP,GHCND:GM000003342,345.8,,E,81,1893-01-01,2020-02-29,52.3833,"POTSDAM, GM",1,GHCND:GM000003342,METERS,13.0639
2018-01-01T00:00:00,PRCP,GHCND:GM000004063,440.7,,E,240,1879-01-01,2020-02-29,49.8753,"BAMBERG, GM",1,GHCND:GM000004063,METERS,10.9217
2018-01-01T00:00:00,PRCP,GHCND:GM000004155,1747.7,,E,2964,1900-08-01,2020-02-29,47.4219,"ZUGSPITZE, GM",0.9979,GHCND:GM000004155,METERS,10.9867
2018-01-01T00:00:00,PRCP,GHCND:GM000004199,945.1,,E,515,1879-01-01,2020-02-29,48.1667,"MUNCHEN NYMPHENBURG, GM",0.9829,GHCND:GM000004199,METERS,11.5025
2018-01-01T00:00:00,PRCP,GHCND:GM000004204,415.1,,E,155,1824-01-01,2020-02-29,50.9267,"JENA STERNWARTE, GM",0.9775,GHCND:GM000004204,METERS,11.5842
2018-01-01T00:00:00,PRCP,GHCND:GM000010147,518.7,,E,11,1891-01-01,2020-03-29,53.635,"HAMBURG FUHLSBUETTEL, GM",1,GHCND:GM000010147,METERS,9.99
2018-01-01T00:00:00,PRCP,GHCND:GM000010393,397.7,,E,98,1906-04-01,2020-02-29,52.2094,"LINDENBERG, GM",1,GHCND:GM000010393,METERS,14.1203
2018-01-01T00:00:00,PRCP,GHCND:GM000010962,1093.1,,E,977,1781-01-01,2020-02-29,47.8017,"HOHENPEISSENBERG, GM",0.9624,GHCND:GM000010962,METERS,11.0117
2018-01-01T00:00:00,PRCP,GHCND:GME00102177,616.4,,E,4,1952-05-01,2020-02-29,54.1764,"HELGOLAND, GM",1,GHCND:GME00102177,METERS,7.8931
2018-01-01T00:00:00,PRCP,GHCND:GME00102185,480.6,,E,26,1931-01-01,2020-02-29,55.0125,"LIST SYLT, GM",0.9776,GHCND:GME00102185,METERS,8.4125
2018-01-01T00:00:00,PRCP,GHCND:GME00102193,756.7,,E,43,1947-01-01,2020-02-29,54.5289,"SCHLESWIG, GM",1,GHCND:GME00102193,METERS,9.5492
2018-01-01T00:00:00,PRCP,GHCND:GME00102201,438.8,,E,3,1941-01-01,2020-02-29,54.5294,"WESTERMARKELSDORF FEHMARN, GM",0.8758,GHCND:GME00102201,METERS,11.0617
2018-01-01T00:00:00,PRCP,GHCND:GME00102220,448.8,,E,2,1898-03-01,2020-02-29,54.0978,"GREIFSWALD, GM",0.7692,GHCND:GME00102220,METERS,13.4075
2018-01-01T00:00:00,PRCP,GHCND:GME00102228,603.9,,E,0,1955-01-01,2020-02-29,53.3719,"EMDEN WOLTHUSEN, GM",0.9953,GHCND:GME00102228,METERS,7.2242
2018-01-01T00:00:00,PRCP,GHCND:GME00102236,423.2,,E,38,1934-08-01,2019-04-07,52.9053,"NEURUPPIN, GM",0.9973,GHCND:GME00102236,METERS,12.8083
2018-01-01T00:00:00,PRCP,GHCND:GME00102244,433,,E,55,1935-01-01,2020-03-29,52.4656,"HANNOVER, GM",0.9877,GHCND:GME00102244,METERS,9.6794
2018-01-01T00:00:00,PRCP,GHCND:GME00102252,374.8,,E,76,1881-01-01,2020-02-29,52.1031,"MAGDEBURG, GM",0.9862,GHCND:GME00102252,METERS,11.5842
2018-01-01T00:00:00,PRCP,GHCND:GME00102268,564,,E,37,1937-06-01,2020-03-29,51.2969,"DUSSELDORF, GM",0.7607,GHCND:GME00102268,METERS,6.77
2018-01-01T00:00:00,PRCP,GHCND:GME00102284,411.3,,E,174,2001-04-01,2020-02-29,51.1167,"FRITZLAR, GM",0.9998,GHCND:GME00102284,METERS,9.2831
2018-01-01T00:00:00,PRCP,GHCND:GME00102292,338.3,,E,131,1897-06-01,2020-03-29,51.4358,"LEIPZIG SCHKEUDITZ, GM",0.8065,GHCND:GME00102292,METERS,12.2414
2018-01-01T00:00:00,PRCP,GHCND:GME00102308,392,,E,238,1903-01-01,2020-02-29,51.1631,"GORLITZ, GM",0.9396,GHCND:GME00102308,METERS,14.9531
2018-01-01T00:00:00,PRCP,GHCND:GME00102332,553.9,,E,450,1979-01-01,2020-02-29,50.5625,"MEININGEN, GM",1,GHCND:GME00102332,METERS,10.3769
2018-01-01T00:00:00,PRCP,GHCND:GME00102340,377.1,,E,316,1935-01-01,2020-03-29,50.9844,"ERFURT BINDERSLEBEN, GM",0.9993,GHCND:GME00102340,METERS,10.9631
2018-01-01T00:00:00,PRCP,GHCND:GME00102348,942.5,,E,1213,1890-08-01,2020-02-29,50.4292,"FICHTELBERG, GM",0.9666,GHCND:GME00102348,METERS,12.9553
2018-01-01T00:00:00,PRCP,GHCND:GME00102356,432.1,,E,268,1937-05-01,2020-02-29,49.7714,"WURZBURG, GM",0.9993,GHCND:GME00102356,METERS,9.9589
2018-01-01T00:00:00,PRCP,GHCND:GME00102364,511.7,,E,565,1936-01-01,2020-03-29,50.3131,"HOF, GM",0.9993,GHCND:GME00102364,METERS,11.8775
2018-01-01T00:00:00,PRCP,GHCND:GME00102372,893.1,,E,320,1951-01-01,2020-03-29,49.2142,"SAARBRUCKEN ENSHEIM, GM",1,GHCND:GME00102372,METERS,7.1081
2018-01-01T00:00:00,PRCP,GHCND:GME00102380,450.7,,E,314,1933-05-01,2020-03-29,49.5042,"NURNBERG, GM",0.8539,GHCND:GME00102380,METERS,11.0567
2018-01-01T00:00:00,PRCP,GHCND:GME00102388,601.4,,E,351,1941-01-01,2020-02-29,48.8283,"STRAUBING, GM",0.7448,GHCND:GME00102388,METERS,12.5603
2018-01-01T00:00:00,PRCP,GHCND:GME00102396,647.7,,E,461,1941-01-01,2020-03-29,48.4264,"AUGSBURG, GM",0.9601,GHCND:GME00102396,METERS,10.9431
2018-01-01T00:00:00,PRCP,GHCND:GME00102404,616,,E,443,1941-01-01,2020-02-29,47.6781,"KONSTANZ, GM",1,GHCND:GME00102404,METERS,9.1908
2018-01-01T00:00:00,PRCP,GHCND:GME00102412,1002.2,,E,705,1895-05-01,2020-02-29,47.7242,"KEMPTEN, GM",1,GHCND:GME00102412,METERS,10.3364
2018-01-01T00:00:00,PRCP,GHCND:GME00111430,515.7,,E,48,1988-10-27,2020-03-29,52.1353,"MUENSTER OSNABRUECK AIRPORT, GM",0.9999,GHCND:GME00111430,METERS,7.7
2018-01-01T00:00:00,PRCP,GHCND:GME00111445,375.9,,E,48,1931-01-01,2020-02-29,52.4683,"BERLIN TEMPELHOF, GM",0.9993,GHCND:GME00111445,METERS,13.4039
2018-01-01T00:00:00,PRCP,GHCND:GME00111457,897.4,,E,839,1936-05-01,2020-02-29,51.1903,"ALTASTENBERG, GM",0.9993,GHCND:GME00111457,METERS,8.4681
2018-01-01T00:00:00,PRCP,GHCND:GME00111474,734.4,,E,265,1932-07-01,2020-02-29,49.7492,"TRIER PETRISBERG, GM",0.9451,GHCND:GME00111474,METERS,6.6592
2018-01-01T00:00:00,PRCP,GHCND:GME00111503,572.7,,E,116,1931-01-01,2020-02-29,48.9733,"RHEINSTETTEN, GM",0.7269,GHCND:GME00111503,METERS,8.3308
2018-01-01T00:00:00,PRCP,GHCND:GME00111512,506.3,,E,371,1953-01-01,2020-02-29,48.6892,"STUTTGART ECHTERDINGEN, GM",1,GHCND:GME00111512,METERS,9.2253
2018-01-01T00:00:00,PRCP,GHCND:GME00114621,1301.3,,E,1142,1936-01-01,2020-02-29,51.8,"BROCKEN, GM",0.9493,GHCND:GME00114621,METERS,10.62
2018-01-01T00:00:00,PRCP,GHCND:GME00115771,522.1,,E,314,1958-01-01,2020-02-29,48.8292,"STUTTGART SCHNARRENBERG, GM",0.9992,GHCND:GME00115771,METERS,9.2008
2018-01-01T00:00:00,PRCP,GHCND:GME00120934,1592.1,,E,1490,1936-01-01,2020-02-29,47.8756,"FELDBERG SCHWARZWALD, GM",0.974,GHCND:GME00120934,METERS,8.0044
2018-01-01T00:00:00,PRCP,GHCND:GME00120946,1344.3,,E,797,1949-01-01,2020-02-29,48.4544,"FREUDENSTADT, GM",0.9993,GHCND:GME00120946,METERS,8.41
2018-01-01T00:00:00,PRCP,GHCND:GME00120958,690.2,,E,231,2011-04-01,2020-02-29,50.7992,"AACHEN ORSBACH, GM",1,GHCND:GME00120958,METERS,6.025
2018-01-01T00:00:00,PRCP,GHCND:GME00120970,394,,E,311,1952-01-01,2020-02-29,50.8819,"GERA LEUMNITZ, GM",1,GHCND:GME00120970,METERS,12.13
2018-01-01T00:00:00,PRCP,GHCND:GME00120982,592.3,,E,203,1939-01-01,2020-02-29,50.6008,"GIESSEN WETTENBERG, GM",0.963,GHCND:GME00120982,METERS,8.6506
2018-01-01T00:00:00,PRCP,GHCND:GME00120994,435.7,,E,54,1947-01-01,2020-02-29,53.0331,"ANGERMUNDE, GM",1,GHCND:GME00120994,METERS,13.9931
2018-01-01T00:00:00,PRCP,GHCND:GME00121030,529.4,,E,27,1935-01-01,2020-02-29,54.3756,"KIEL HOLTENAU, GM",0.9388,GHCND:GME00121030,METERS,10.1439
2018-01-01T00:00:00,PRCP,GHCND:GME00121042,627.7,,E,92,1931-01-01,2020-03-29,50.8658,"KOLN BONN, GM",1,GHCND:GME00121042,METERS,7.1583
2018-01-01T00:00:00,PRCP,GHCND:GME00121054,610.2,,E,155,1950-01-01,2020-03-29,48.3656,"LAHR, GM",0.9988,GHCND:GME00121054,METERS,7.8289
2018-01-01T00:00:00,PRCP,GHCND:GME00121078,686.2,,E,157,1931-01-01,2020-02-29,51.7867,"BAD LIPPSPRINGE, GM",0.9776,GHCND:GME00121078,METERS,8.8394
2018-01-01T00:00:00,PRCP,GHCND:GME00121090,442.7,,E,81,1902-01-01,2020-02-29,53.3242,"MARNITZ, GM",0.9879,GHCND:GME00121090,METERS,11.9333
2018-01-01T00:00:00,PRCP,GHCND:GME00121114,1421.9,,E,806,1936-01-01,2020-02-29,47.3989,"OBERSTDORF, GM",0.997,GHCND:GME00121114,METERS,10.2767
2018-01-01T00:00:00,PRCP,GHCND:GME00121126,618.5,,E,276,1889-07-01,2020-02-29,49.2081,"OHRINGEN, GM",1,GHCND:GME00121126,METERS,9.5183
2018-01-01T00:00:00,PRCP,GHCND:GME00121138,691.7,,E,365,1936-01-01,2020-02-29,49.0433,"REGENSBURG, GM",0.9993,GHCND:GME00121138,METERS,12.1031
2018-01-01T00:00:00,PRCP,GHCND:GME00121150,384.1,,E,36,1936-06-12,2020-03-29,52.5656,"BERLIN TEGEL, GM",0.9993,GHCND:GME00121150,METERS,13.3106
2018-01-01T00:00:00,PRCP,GHCND:GME00121162,773.5,,E,734,1947-01-01,2020-02-29,48.6667,"STOTTEN, GM",1,GHCND:GME00121162,METERS,9.8656
2018-01-01T00:00:00,PRCP,GHCND:GME00121174,830.1,,E,921,1936-01-01,2020-02-29,50.4978,"WASSERKUPPE, GM",0.9119,GHCND:GME00121174,METERS,9.9439
2018-01-01T00:00:00,PRCP,GHCND:GME00121186,537.7,,E,440,1947-01-01,2020-02-29,49.6669,"WEIDEN, GM",1,GHCND:GME00121186,METERS,12.1856
2018-01-01T00:00:00,PRCP,GHCND:GME00121210,759.3,,E,476,1997-01-01,2020-02-29,48.5458,"FURSTENZELL, GM",1,GHCND:GME00121210,METERS,13.3544
2018-01-01T00:00:00,PRCP,GHCND:GME00121222,619.5,,E,497,1997-10-01,2020-02-29,49.9475,"HAHN, GM",1,GHCND:GME00121222,METERS,7.2644
2018-01-01T00:00:00,PRCP,GHCND:GME00121246,459.6,,E,119,1942-07-01,2020-02-29,50.0892,"OFFENBACH WETTERPARK, GM",0.9998,GHCND:GME00121246,METERS,8.7864
2018-01-01T00:00:00,PRCP,GHCND:GME00121258,428.9,,E,69,1887-01-01,2020-02-29,51.7775,"COTTBUS, GM",0.9318,GHCND:GME00121258,METERS,14.3183
2018-01-01T00:00:00,PRCP,GHCND:GME00121306,390.8,,E,97,1948-07-01,2020-02-29,51.6467,"DOBERLUG KIRCHHAIN, GM",0.98740000000000006,GHCND:GME00121306,METERS,13.5767
2018-01-01T00:00:00,PRCP,GHCND:GME00121354,404.2,,E,114,1946-01-01,2020-02-29,51.0233,"DRESDEN HOSTERWITZ, GM",0.946,GHCND:GME00121354,METERS,13.8494
2018-01-01T00:00:00,PRCP,GHCND:GME00121366,393.3,,E,119,1936-01-01,2020-02-29,51.0253,"DRESDEN STREHLEN, GM",0.7824,GHCND:GME00121366,METERS,13.7756
2018-01-01T00:00:00,PRCP,GHCND:GME00121378,341.5,,E,80,1991-01-01,2020-02-29,52.2183,"DREWITZ BEI BURG, GM",1,GHCND:GME00121378,METERS,12.165
2018-01-01T00:00:00,PRCP,GHCND:GME00121402,434.3,,E,107,1951-01-01,2020-02-29,49.4728,"BAD DURKHEIM, GM",0.9705,GHCND:GME00121402,METERS,8.1939
2018-01-01T00:00:00,PRCP,GHCND:GME00121534,579.3,,E,346,1899-02-01,2020-02-29,49.8531,"EBRACH, GM",1,GHCND:GME00121534,METERS,10.5003
2018-01-01T00:00:00,PRCP,GHCND:GME00121546,613.8,,E,18,1979-01-01,2020-02-29,54.6294,"EGGEBEK, GM",0.8791,GHCND:GME00121546,METERS,9.3669
2018-01-01T00:00:00,PRCP,GHCND:GME00121582,665.9,,E,384,1921-01-01,2020-02-29,48.8789,"EICHSTATT LANDERSHOFEN, GM",0.9537,GHCND:GME00121582,METERS,11.2358
2018-01-01T00:00:00,PRCP,GHCND:GME00121654,722.7,,E,460,1909-04-01,2020-02-29,48.9903,"ELLWANGEN RINDELBACH, GM",0.9962,GHCND:GME00121654,METERS,10.1317
2018-01-01T00:00:00,PRCP,GHCND:GME00121666,539.1,,E,3,1998-01-01,2020-02-29,54.0708,"ELPERSBUTTEL, GM",0.9636,GHCND:GME00121666,METERS,9.0114
2018-01-01T00:00:00,PRCP,GHCND:GME00121702,568.9,,E,560,1948-06-01,2020-02-29,50.2717,"BAD SOHL ELSTER, GM",0.9711,GHCND:GME00121702,METERS,12.2753
2018-01-01T00:00:00,PRCP,GHCND:GME00121714,1062.1,,E,440,1987-11-01,2020-02-29,48.2019,"ELZACH FISNACHT, GM",0.8608,GHCND:GME00121714,METERS,8.1094
2018-01-01T00:00:00,PRCP,GHCND:GME00121750,623.7,,E,201,1961-01-01,2020-02-29,48.1383,"EMMENDINGEN MUNDINGEN, GM",1,GHCND:GME00121750,METERS,7.8356
2018-01-01T00:00:00,PRCP,GHCND:GME00121822,568.9,,E,220,1931-01-01,2018-12-31,49.1675,"EPPINGEN ELSENZ, GM",0.9886,GHCND:GME00121822,METERS,8.8531
2018-01-01T00:00:00,PRCP,GHCND:GME00121846,649.5,,E,18,1931-01-01,2020-02-29,54.3008,"ERFDE, GM",0.9627,GHCND:GME00121846,METERS,9.3169
2018-01-01T00:00:00,PRCP,GHCND:GME00121882,569.7,,E,268,1931-01-01,2020-02-29,49.6506,"MOHRENDORF KLEINSEEBACH, GM",1,GHCND:GME00121882,METERS,11.0083
2018-01-01T00:00:00,PRCP,GHCND:GME00121930,349.5,,E,170,1947-09-01,2020-02-29,51.1844,"ESCHWEGE, GM",0.9978,GHCND:GME00121930,METERS,10.065
2018-01-01T00:00:00,PRCP,GHCND:GME00121954,420,,E,30,1951-01-01,2020-02-29,53.6881,"ALTENTREPTOW, GM",0.8807,GHCND:GME00121954,METERS,13.2631
2018-01-01T00:00:00,PRCP,GHCND:GME00121966,901.6,,E,351,1938-01-01,2020-02-29,51.2553,"ESLOHE, GM",0.9252,GHCND:GME00121966,METERS,8.1569
2018-01-01T00:00:00,PRCP,GHCND:GME00121978,642.6,,E,150,1935-01-01,2020-02-29,51.4056,"ESSEN BREDENEY, GM",0.9648,GHCND:GME00121978,METERS,6.9683
2018-01-01T00:00:00,PRCP,GHCND:GME00121990,432.2,,E,296,1969-01-01,2020-02-29,51.0892,"ALTGERINGSWALDE, GM",0.9772,GHCND:GME00121990,METERS,12.9342
2018-01-01T00:00:00,PRCP,GHCND:GME00122002,466,,E,146,1937-01-01,2020-02-29,50.7131,"WEILERSWIST LOMMERSUM, GM",0.966,GHCND:GME00122002,METERS,6.7917
2018-01-01T00:00:00,PRCP,GHCND:GME00122038,670.6,,E,472,1941-01-01,2020-02-29,48.4842,"KR.ROTTAL INN FALKENBERG, GM",0.9811,GHCND:GME00122038,METERS,12.7256
2018-01-01T00:00:00,PRCP,GHCND:GME00122050,458.6,,E,73,2001-04-01,2020-02-29,52.9192,"FASSBERG, GM",0.9456,GHCND:GME00122050,METERS,10.1839
2018-01-01T00:00:00,PRCP,GHCND:GME00122086,900.1,,E,657,1941-01-01,2020-02-29,49.9817,"FICHTELBERG OBERFRANKEN HUTTST, GM",0.9705,GHCND:GME00122086,METERS,11.8392
2018-01-01T00:00:00,PRCP,GHCND:GME00122098,466.7,,E,25,2007-05-31,2020-02-29,51.51,"DUISBURG BAERL, GM",1,GHCND:GME00122098,METERS,6.7019
2018-01-01T00:00:00,PRCP,GHCND:GME00122122,471.6,,E,77,2007-11-01,2020-02-29,52.0831,"HAMELN HASTENBECK, GM",0.9993,GHCND:GME00122122,METERS,9.4081
2018-01-01T00:00:00,PRCP,GHCND:GME00122134,522,,E,68,2007-12-01,2020-02-29,51.5981,"WALTROP ABDINGHOF, GM",1,GHCND:GME00122134,METERS,7.4056
2018-01-01T00:00:00,PRCP,GHCND:GME00122146,757.5,,E,205,2008-05-01,2020-02-29,51.3342,"GEVELSBERG OBERBROKING, GM",1,GHCND:GME00122146,METERS,7.3417
2018-01-01T00:00:00,PRCP,GHCND:GME00122158,693.7,,E,490,2008-04-01,2020-02-29,48.5742,"LANDSHUT REITHOF, GM",1,GHCND:GME00122158,METERS,12.2589
2018-01-01T00:00:00,PRCP,GHCND:GME00122170,425.6,,E,280,2007-12-01,2020-02-29,50.6825,"ROCKENDORF, GM",1,GHCND:GME00122170,METERS,11.5164
2018-01-01T00:00:00,PRCP,GHCND:GME00122182,1011.2,,E,380,2007-11-01,2020-02-29,51.0908,"MEINERZHAGEN REDLENDORF, GM",1,GHCND:GME00122182,METERS,7.6294
2018-01-01T00:00:00,PRCP,GHCND:GME00122194,563.1,,E,363,1931-01-01,2020-02-29,50.5058,"FLADUNGEN HEUFURT, GM",0.9547,GHCND:GME00122194,METERS,10.1681
2018-01-01T00:00:00,PRCP,GHCND:GME00122218,353.7,,E,110,2008-06-01,2020-02-29,52.2478,"HELMSTEDT EMMERSTEDT, GM",1,GHCND:GME00122218,METERS,10.9603
2018-01-01T00:00:00,PRCP,GHCND:GME00122290,581.4,,E,622,1987-10-01,2020-02-29,49.7328,"FLOSSENBURG, GM",0.9154,GHCND:GME00122290,METERS,12.3506
2018-01-01T00:00:00,PRCP,GHCND:GME00122326,816.1,,E,745,1969-01-01,2020-02-29,50.5317,"BIRX RHON, GM",0.9119,GHCND:GME00122326,METERS,10.0492
2018-01-01T00:00:00,PRCP,GHCND:GME00122362,501.3,,E,124,1985-11-01,2020-02-29,50.1281,"FRANKFURT MAIN WESTEND, GM",0.9927,GHCND:GME00122362,METERS,8.6703
2018-01-01T00:00:00,PRCP,GHCND:GME00122386,445.1,,E,48,1947-01-01,2020-02-29,52.3653,"FRANKFURT ODER, GM",0.9317,GHCND:GME00122386,METERS,14.5378
2018-01-01T00:00:00,PRCP,GHCND:GME00122410,745.8,,E,510,1955-01-01,2020-02-29,48.4067,"ALTOMUNSTER MAISBRUNN, GM",1,GHCND:GME00122410,METERS,11.3131
2018-01-01T00:00:00,PRCP,GHCND:GME00122422,846.1,,E,530,1961-01-01,2020-02-29,50.1517,"HERSDORF WEISSENSEIFEN, GM",0.9987,GHCND:GME00122422,METERS,6.5531
2018-01-01T00:00:00,PRCP,GHCND:GME00122434,953,,E,481,1971-05-01,2020-02-29,48.2028,"FREIAMT OTTOSCHWANDEN, GM",0.9781,GHCND:GME00122434,METERS,7.9342
2018-01-01T00:00:00,PRCP,GHCND:GME00122446,520.5,,E,380,1947-01-01,2020-02-29,50.9281,"FREIBERG, GM",0.6181,GHCND:GME00122446,METERS,13.3389
2018-01-01T00:00:00,PRCP,GHCND:GME00122458,617.5,,E,236,1921-01-01,2020-02-29,48.0242,"FREIBURG, GM",0.854,GHCND:GME00122458,METERS,7.8353
2018-01-01T00:00:00,PRCP,GHCND:GME00122482,578.8,,E,2,1970-11-01,2020-02-29,53.8292,"FREIBURG ELBE, GM",1,GHCND:GME00122482,METERS,9.2494
2018-01-01T00:00:00,PRCP,GHCND:GME00122494,647.4,,E,436,1941-01-01,2020-02-29,49.1792,"FREYSTADT OBERNDORF, GM",0.9993,GHCND:GME00122494,METERS,11.375
2018-01-01T00:00:00,PRCP,GHCND:GME00122542,527.7,,E,8,1947-02-01,2020-02-29,53.0894,"FRIESOYTHE EDEWECHTERDAM, GM",0.9212,GHCND:GME00122542,METERS,7.9425
2018-01-01T00:00:00,PRCP,GHCND:GME00122566,501.2,,E,215,1951-01-01,2020-02-29,49.7281,"ALZEY, GM",0.9844,GHCND:GME00122566,METERS,8.1167
2018-01-01T00:00:00,PRCP,GHCND:GME00122602,545.4,,E,383,1947-01-01,2020-02-29,49.47,"AMBERG UNTERAMMERSRICHT, GM",0.9978,GHCND:GME00122602,METERS,11.8558
2018-01-01T00:00:00,PRCP,GHCND:GME00122626,481.8,,E,255,1949-01-01,2020-02-29,50.5344,"FULDA, GM",0.8781,GHCND:GME00122626,METERS,9.6758
2018-01-01T00:00:00,PRCP,GHCND:GME00122638,322.7,,E,47,1947-01-01,2020-02-29,52.5142,"GARDELEGEN, GM",0.999,GHCND:GME00122638,METERS,11.3978
2018-01-01T00:00:00,PRCP,GHCND:GME00122650,859.7,,E,515,1994-01-01,2020-02-29,48.0206,"AMERANG PFAFFING, GM",1,GHCND:GME00122650,METERS,12.2939
2018-01-01T00:00:00,PRCP,GHCND:GME00122698,470,,E,110,1884-07-01,2020-02-29,49.985,"GEISENHEIM, GM",0.7572,GHCND:GME00122698,METERS,7.9544
2018-01-01T00:00:00,PRCP,GHCND:GME00122710,648.2,,E,672,1971-01-01,2020-02-29,47.925,"GEISINGEN, GM",0.8763,GHCND:GME00122710,METERS,8.6481
2018-01-01T00:00:00,PRCP,GHCND:GME00122734,718.3,,E,536,1998-01-01,2020-02-29,48.9489,"GELBELSEE, GM",0.9706,GHCND:GME00122734,METERS,11.43
2018-01-01T00:00:00,PRCP,GHCND:GME00122746,523,,E,37,1941-01-01,2020-02-29,51.4956,"GELDERN WALBECK, GM",0.9748,GHCND:GME00122746,METERS,6.2467
2018-01-01T00:00:00,PRCP,GHCND:GME00122770,722.3,,E,176,1970-01-01,2020-02-29,48.4339,"OHLSBACH, GM",0.9402,GHCND:GME00122770,METERS,7.9933
2018-01-01T00:00:00,PRCP,GHCND:GME00122782,371.3,,E,35,1951-01-01,2020-02-29,52.3892,"GENTHIN, GM",0.8934,GHCND:GME00122782,METERS,12.1633
2018-01-01T00:00:00,PRCP,GHCND:GME00122806,339.3,,E,96,1941-01-01,2020-02-29,49.7725,"GERNSHEIM ALLMENDFELD, GM",0.98,GHCND:GME00122806,METERS,8.5306
2018-01-01T00:00:00,PRCP,GHCND:GME00122842,536.5,,E,340,1931-01-01,2020-02-29,50.9664,"GILSERBERG MOISCHEID, GM",0.9833,GHCND:GME00122842,METERS,9.0503
2018-01-01T00:00:00,PRCP,GHCND:GME00122866,610.2,,E,1,1931-01-01,2020-02-29,53.7983,"GLUCKSTADT, GM",0.9876,GHCND:GME00122866,METERS,9.4306
2018-01-01T00:00:00,PRCP,GHCND:GME00122878,377.4,,E,9,1951-01-01,2020-02-29,53.8431,"ANKLAM, GM",0.9903,GHCND:GME00122878,METERS,13.6856
2018-01-01T00:00:00,PRCP,GHCND:GME00122890,667.2,,E,443,1931-01-01,2020-02-29,49.7667,"GOSSWEINSTEIN, GM",0.9916,GHCND:GME00122890,METERS,11.3075
2018-01-01T00:00:00,PRCP,GHCND:GME00122902,429.6,,E,167,1947-01-01,2020-02-29,51.5017,"GOTTINGEN, GM",1,GHCND:GME00122902,METERS,9.9528
2018-01-01T00:00:00,PRCP,GHCND:GME00122938,611.6,,E,506,1991-01-01,2020-02-29,49.665,"GRAFENBERG KASBERG, GM",1,GHCND:GME00122938,METERS,11.2253
2018-01-01T00:00:00,PRCP,GHCND:GME00122962,942.2,,E,628,1957-05-01,2020-02-29,48.7903,"GRAINET REHBERG, GM",0.9987,GHCND:GME00122962,METERS,13.6306
2018-01-01T00:00:00,PRCP,GHCND:GME00122974,487.5,,E,27,1951-01-01,2020-02-29,53.5744,"GRAMBEK, GM",0.8638,GHCND:GME00122974,METERS,10.6806
2018-01-01T00:00:00,PRCP,GHCND:GME00123058,465,,E,34,1967-01-01,2020-02-29,54.0731,"GROSS LUSEWITZ, GM",0.9764,GHCND:GME00123058,METERS,12.3256
2018-01-01T00:00:00,PRCP,GHCND:GME00123094,942,,E,517,1959-01-01,2020-02-29,47.9417,"FELDKIRCHEN WESTERHAM LENZMUHL, GM",0.8936,GHCND:GME00123094,METERS,11.9014
2018-01-01T00:00:00,PRCP,GHCND:GME00123130,705.6,,E,258,1941-01-01,2020-02-29,50.2675,"GRUNDAU BREITENBORN, GM",0.4906,GHCND:GME00123130,METERS,9.1889
2018-01-01T00:00:00,PRCP,GHCND:GME00123142,350.6,,E,56,1969-01-01,2020-02-29,53.3167,"GRUNOW, GM",0.9661,GHCND:GME00123142,METERS,13.9358
2018-01-01T00:00:00,PRCP,GHCND:GME00123178,554.6,,E,72,1938-01-01,2020-02-29,51.8889,"GUTERSLOH, GM",0.7819,GHCND:GME00123178,METERS,8.3553
2018-01-01T00:00:00,PRCP,GHCND:GME00123190,522.9,,E,220,1986-04-01,2020-02-29,49.9706,"ARNSTEIN MUDESHEIM, GM",1,GHCND:GME00123190,METERS,9.9125
2018-01-01T00:00:00,PRCP,GHCND:GME00123226,652.9,,E,305,1952-01-01,2020-02-29,49.9325,"OLSDORF, GM",0.9686,GHCND:GME00123226,METERS,6.3756
2018-01-01T00:00:00,PRCP,GHCND:GME00123274,510.1,,E,3,1962-05-01,2020-02-29,53.4792,"HAMBURG NEUWIEDENTHAL, GM",1,GHCND:GME00123274,METERS,9.8983
2018-01-01T00:00:00,PRCP,GHCND:GME00123310,272.6,,E,164,1890-08-01,2020-02-29,51.3756,"ARTERN, GM",0.9717,GHCND:GME00123310,METERS,11.2931
2018-01-01T00:00:00,PRCP,GHCND:GME00123370,443.5,,E,108,1961-01-01,2020-02-29,52.7214,"HANKENSBUTTEL, GM",0.7493,GHCND:GME00123370,METERS,10.6
2018-01-01T00:00:00,PRCP,GHCND:GME00123382,642,,E,502,1998-01-03,2020-02-29,48.7928,"HARBURG, GM",0.9612,GHCND:GME00123382,METERS,10.7075
2018-01-01T00:00:00,PRCP,GHCND:GME00123394,499.2,,E,110,1941-01-01,2020-02-29,49.9789,"ASCHAFFENBURG, GM",0.9748,GHCND:GME00123394,METERS,9.1125
2018-01-01T00:00:00,PRCP,GHCND:GME00123418,405.5,,E,404,1945-05-01,2020-02-29,51.6531,"HARZGERODE, GM",0.9999,GHCND:GME00123418,METERS,11.1375
2018-01-01T00:00:00,PRCP,GHCND:GME00123466,545.7,,E,522,1931-01-01,2020-02-29,48.3758,"HECHINGEN, GM",0.9881,GHCND:GME00123466,METERS,8.9808
2018-01-01T00:00:00,PRCP,GHCND:GME00123574,508.5,,E,57,1951-01-01,2020-02-29,51.0425,"HEINSBERG SCHLEIDEN, GM",0.9705,GHCND:GME00123574,METERS,6.1044
2018-01-01T00:00:00,PRCP,GHCND:GME00123586,526.1,,E,200,1981-09-01,2020-02-29,50.5808,"ASSLAR KLEIN ALTENSTADTEN, GM",1,GHCND:GME00123586,METERS,8.4692
2018-01-01T00:00:00,PRCP,GHCND:GME00123646,647.3,,E,430,1978-04-01,2020-02-29,48.5928,"HERRENBERG, GM",0.6003,GHCND:GME00123646,METERS,8.8553
2018-01-01T00:00:00,PRCP,GHCND:GME00123694,463.3,,E,272,1949-01-01,2020-02-29,50.8531,"BAD HERSFELD, GM",1,GHCND:GME00123694,METERS,9.7383
2018-01-01T00:00:00,PRCP,GHCND:GME00123718,482.7,,E,238,1931-01-01,2020-02-29,51.6267,"HERZBERG, GM",0.8514,GHCND:GME00123718,METERS,10.3717
2018-01-01T00:00:00,PRCP,GHCND:GME00123730,919.9,,E,672,1941-01-01,2020-02-29,47.8781,"ATTENKAM, GM",0.9926,GHCND:GME00123730,METERS,11.3656
2018-01-01T00:00:00,PRCP,GHCND:GME00123754,433.1,,E,1,1947-01-01,2020-02-29,54.5767,"HIDDENSEE VITTE, GM",0.3747,GHCND:GME00123754,METERS,13.1056
2018-01-01T00:00:00,PRCP,GHCND:GME00123778,749.8,,E,295,1937-01-01,2020-02-29,50.7381,"HILGENROTH, GM",0.9753,GHCND:GME00123778,METERS,7.6533
2018-01-01T00:00:00,PRCP,GHCND:GME00123838,649,,E,387,1945-04-01,2020-02-29,50.5917,"AUE, GM",0.9276,GHCND:GME00123838,METERS,12.7156
2018-01-01T00:00:00,PRCP,GHCND:GME00123862,417,,E,270,1947-01-01,2020-02-29,50.9006,"BERTSDORF HORNITZ, GM",0.3246,GHCND:GME00123862,METERS,14.7475
2018-01-01T00:00:00,PRCP,GHCND:GME00123898,435.2,,E,263,1949-01-01,2020-02-29,50.1364,"HOFHEIM, GM",0.9848,GHCND:GME00123898,METERS,10.5167
2018-01-01T00:00:00,PRCP,GHCND:GME00123934,473.6,,E,10,1977-11-01,2020-02-29,54.3206,"HOHWACHT, GM",1,GHCND:GME00123934,METERS,10.6742
2018-01-01T00:00:00,PRCP,GHCND:GME00123946,294.1,,E,81,2001-04-01,2020-02-29,51.7683,"HOLZDORF FLUGPLATZ, GM",0.9998,GHCND:GME00123946,METERS,13.1681
2018-01-01T00:00:00,PRCP,GHCND:GME00123970,1007.7,,E,685,1982-12-01,2020-02-29,47.8831,"HOLZKIRCHEN, GM",1,GHCND:GME00123970,METERS,11.6975
2018-01-01T00:00:00,PRCP,GHCND:GME00123994,499.4,,E,110,1951-01-01,2020-02-29,51.8553,"KR. HOLZMINDEN BEVERN, GM",0.7783,GHCND:GME00123994,METERS,9.4975
2018-01-01T00:00:00,PRCP,GHCND:GME00124030,686.9,,E,235,1951-01-01,2020-02-29,49.3292,"HOMBURG SAAR, GM",0.9965,GHCND:GME00124030,METERS,7.3567
2018-01-01T00:00:00,PRCP,GHCND:GME00124102,685.1,,E,328,1982-10-01,2020-02-29,50.5664,"HUMMERICH, GM",0.7349,GHCND:GME00124102,METERS,7.4844
2018-01-01T00:00:00,PRCP,GHCND:GME00124126,755.4,,E,376,2001-04-01,2020-02-29,49.7,"IDAR OBERSTEIN, GM",0.9998,GHCND:GME00124126,METERS,7.3331
2018-01-01T00:00:00,PRCP,GHCND:GME00124138,502.1,,E,193,1990-06-01,2020-02-29,48.0428,"IHRINGEN, GM",0.9973,GHCND:GME00124138,METERS,7.6328
2018-01-01T00:00:00,PRCP,GHCND:GME00124186,638.3,,E,364,2001-04-02,2020-02-29,48.7156,"INGOLSTADT FLUGPLATZ, GM",0.9995,GHCND:GME00124186,METERS,11.5333
2018-01-01T00:00:00,PRCP,GHCND:GME00124222,582.6,,E,21,2001-04-01,2020-02-29,53.9894,"ITZEHOE, GM",0.9993,GHCND:GME00124222,METERS,9.5694
2018-01-01T00:00:00,PRCP,GHCND:GME00124306,337.3,,E,75,1951-01-01,2020-02-29,52.0017,"JUTERBOG, GM",0.9771,GHCND:GME00124306,METERS,13.1039
2018-01-01T00:00:00,PRCP,GHCND:GME00124318,475.4,,E,107,1947-01-01,2020-02-29,50.0656,"KAHL MAIN, GM",0.9977,GHCND:GME00124318,METERS,8.9942
2018-01-01T00:00:00,PRCP,GHCND:GME00124330,835.5,,E,489,1887-12-01,2020-02-29,48.9181,"KAISERSBACH CRONHUTTE, GM",0.9124,GHCND:GME00124330,METERS,9.6881
2018-01-01T00:00:00,PRCP,GHCND:GME00124366,592.6,,E,505,1947-01-01,2020-02-29,50.5028,"KALL SISTIG, GM",0.9897,GHCND:GME00124366,METERS,6.5267
2018-01-01T00:00:00,PRCP,GHCND:GME00124450,617.2,,E,141,1961-01-01,2020-02-29,48.5583,"KEHL ODELSHOFEN, GM",0.8972,GHCND:GME00124450,METERS,7.8808
2018-01-01T00:00:00,PRCP,GHCND:GME00124474,611,,E,426,1981-10-01,2020-02-29,49.1814,"KIRCHBERG JAGST HERBOLDSHAUSEN, GM",1,GHCND:GME00124474,METERS,9.9808
2018-01-01T00:00:00,PRCP,GHCND:GME00124486,393.5,,E,12,1951-01-01,2020-02-29,54.0008,"KIRCHDORF POEL, GM",1,GHCND:GME00124486,METERS,11.4358
2018-01-01T00:00:00,PRCP,GHCND:GME00124498,882.5,,E,240,1949-01-01,2020-02-29,48.7278,"BADEN BADEN GEROLDSAU, GM",0.9988,GHCND:GME00124498,METERS,8.2467
2018-01-01T00:00:00,PRCP,GHCND:GME00124510,481.1,,E,282,1946-01-01,2020-02-29,50.2256,"BAD KISSINGEN, GM",1,GHCND:GME00124510,METERS,10.0803
2018-01-01T00:00:00,PRCP,GHCND:GME00124522,636.1,,E,273,1947-01-01,2020-02-29,47.8069,"MULLHEIM, GM",0.9681,GHCND:GME00124522,METERS,7.6392
2018-01-01T00:00:00,PRCP,GHCND:GME00124534,496.5,,E,188,1951-01-01,2020-02-29,49.7369,"KITZINGEN, GM",0.9952,GHCND:GME00124534,METERS,10.1792
2018-01-01T00:00:00,PRCP,GHCND:GME00124546,797.3,,E,826,1936-01-01,2020-02-29,50.2225,"KLEINER FELDBERG TAUNUS, GM",0.9845,GHCND:GME00124546,METERS,8.4481
2018-01-01T00:00:00,PRCP,GHCND:GME00124570,880.2,,E,732,1958-01-01,2020-02-29,50.8469,"KLEINER INSELSBERG, GM",1,GHCND:GME00124570,METERS,10.4814
2018-01-01T00:00:00,PRCP,GHCND:GME00124594,393.8,,E,128,1996-05-01,2020-02-29,51.5567,"KLETTWITZ, GM",1,GHCND:GME00124594,METERS,13.8864
2018-01-01T00:00:00,PRCP,GHCND:GME00124630,314.6,,E,85,1994-10-01,2020-02-29,51.5203,"KLITZSCHEN BEI TORGAU, GM",1,GHCND:GME00124630,METERS,12.9078
2018-01-01T00:00:00,PRCP,GHCND:GME00124678,436.4,,E,288,1951-01-01,2020-02-29,50.2853,"BAD KONIGSHOFEN, GM",1,GHCND:GME00124678,METERS,10.4467
2018-01-01T00:00:00,PRCP,GHCND:GME00124690,490,,E,40,1931-01-01,2020-02-29,53.2292,"KONIGSMOOR, GM",0.9775,GHCND:GME00124690,METERS,9.6533
2018-01-01T00:00:00,PRCP,GHCND:GME00124726,597,,E,417,1961-01-01,2020-02-29,48.8308,"KOSCHING, GM",1,GHCND:GME00124726,METERS,11.4883
2018-01-01T00:00:00,PRCP,GHCND:GME00124762,301.2,,E,76,1969-01-01,2020-02-29,51.7528,"KOTHEN ANHALT, GM",0.9961,GHCND:GME00124762,METERS,12.0092
2018-01-01T00:00:00,PRCP,GHCND:GME00124774,1192.7,,E,740,1991-08-01,2020-02-29,47.6658,"BAD KOHLGRUB ROSSHOF, GM",0.9984,GHCND:GME00124774,METERS,11.0817
2018-01-01T00:00:00,PRCP,GHCND:GME00124810,601,,E,312,1931-01-01,2020-02-29,50.2533,"KRONACH, GM",0.9776,GHCND:GME00124810,METERS,11.3219
2018-01-01T00:00:00,PRCP,GHCND:GME00124846,551.5,,E,417,2001-04-01,2020-02-29,49.4289,"KUMMERSBRUCK, GM",0.991,GHCND:GME00124846,METERS,11.9019
2018-01-01T00:00:00,PRCP,GHCND:GME00124918,446.2,,E,40,2001-04-01,2020-02-29,53.9167,"LAAGE FLUGPLATZ, GM",0.9954,GHCND:GME00124918,METERS,12.2831
2018-01-01T00:00:00,PRCP,GHCND:GME00124930,768.6,,E,685,1949-01-01,2020-02-29,48.5131,"MERKLINGEN, GM",0.9789,GHCND:GME00124930,METERS,9.7656
2018-01-01T00:00:00,PRCP,GHCND:GME00125026,338.7,,E,91,1993-06-01,2020-02-29,51.9183,"LANGENLIPSDORF, GM",1,GHCND:GME00125026,METERS,13.0889
2018-01-01T00:00:00,PRCP,GHCND:GME00125122,694.9,,E,550,2001-04-01,2020-02-29,48.1864,"LECHFELD, GM",0.968,GHCND:GME00125122,METERS,10.8506
2018-01-01T00:00:00,PRCP,GHCND:GME00125146,658,,E,7,1974-11-01,2020-02-29,54.7925,"LECK, GM",0.9981,GHCND:GME00125146,METERS,8.9492
2018-01-01T00:00:00,PRCP,GHCND:GME00125218,379.3,,E,138,1863-12-01,2020-02-29,51.3164,"LEIPZIG HOLZHAUSEN, GM",0.9626,GHCND:GME00125218,METERS,12.4475
2018-01-01T00:00:00,PRCP,GHCND:GME00125230,733.7,,E,286,1931-01-01,2020-02-29,51.1344,"LENNESTADT THETEN, GM",0.9776,GHCND:GME00125230,METERS,8.0358
2018-01-01T00:00:00,PRCP,GHCND:GME00125254,449.1,,E,110,1992-02-01,2020-02-29,52.3208,"BARSINGHAUSEN HOHENBOSTEL, GM",1,GHCND:GME00125254,METERS,9.4306
2018-01-01T00:00:00,PRCP,GHCND:GME00125278,327.5,,E,20,1951-01-01,2020-02-29,53.1025,"LENZEN ELBE, GM",1,GHCND:GME00125278,METERS,11.4878
2018-01-01T00:00:00,PRCP,GHCND:GME00125302,596,,E,43,1945-01-01,2020-02-29,50.9906,"KOLN STAMMHEIM, GM",0.9878,GHCND:GME00125302,METERS,6.9783
2018-01-01T00:00:00,PRCP,GHCND:GME00125314,479.3,,E,321,1994-06-01,2020-02-29,50.9394,"LICHTENHAIN MITTELNDORF, GM",1,GHCND:GME00125314,METERS,14.2108
2018-01-01T00:00:00,PRCP,GHCND:GME00125326,523.7,,E,3,1947-01-01,2020-02-29,54.3406,"BARTH, GM",0.7394,GHCND:GME00125326,METERS,12.7106
2018-01-01T00:00:00,PRCP,GHCND:GME00125410,560.7,,E,22,1931-01-01,2020-02-29,52.5192,"LINGEN, GM",1,GHCND:GME00125410,METERS,7.3081
2018-01-01T00:00:00,PRCP,GHCND:GME00125422,475.9,,E,92,1980-12-01,2020-02-29,51.6344,"LIPPSTADT BOKENFORDE, GM",1,GHCND:GME00125422,METERS,8.3953
2018-01-01T00:00:00,PRCP,GHCND:GME00125434,567.5,,E,500,1946-01-01,2020-02-29,50.4519,"BAD LOBENSTEIN, GM",0.9993,GHCND:GME00125434,METERS,11.6333
2018-01-01T00:00:00,PRCP,GHCND:GME00125446,346.7,,E,55,1969-01-01,2020-02-29,52.0619,"BARUTH, GM",0.9895,GHCND:GME00125446,METERS,13.5028
2018-01-01T00:00:00,PRCP,GHCND:GME00125458,696.8,,E,230,1993-07-01,2020-02-29,50.5633,"LOHNBERG OBERSHAUSEN, GM",1,GHCND:GME00125458,METERS,8.24
2018-01-01T00:00:00,PRCP,GHCND:GME00125530,390.1,,E,57,1991-10-01,2020-02-29,51.9281,"LUBBEN BLUMENFELDE, GM",1,GHCND:GME00125530,METERS,13.8819
2018-01-01T00:00:00,PRCP,GHCND:GME00125554,467.9,,E,5,1985-03-01,2020-02-29,53.8106,"LUBECK BLANKENSEE, GM",0.9999,GHCND:GME00125554,METERS,10.7067
2018-01-01T00:00:00,PRCP,GHCND:GME00125602,773.8,,E,387,1994-01-01,2020-02-29,51.2467,"LUDENSCHEID, GM",1,GHCND:GME00125602,METERS,7.6431
2018-01-01T00:00:00,PRCP,GHCND:GME00125638,787.6,,E,528,1979-01-01,2020-02-29,50.7675,"LUISENTHAL TALSPERRE, GM",1,GHCND:GME00125638,METERS,10.7214
2018-01-01T00:00:00,PRCP,GHCND:GME00125662,458.7,,E,195,1891-01-01,2020-02-29,49.9681,"MAINZ LERCHENBERG ZDF, GM",0.6594,GHCND:GME00125662,METERS,8.2117
2018-01-01T00:00:00,PRCP,GHCND:GME00125686,642.7,,E,410,1951-01-01,2020-02-29,48.7781,"MALLERSDORF NIEDERBAYERN, GM",0.806,GHCND:GME00125686,METERS,12.2544
2018-01-01T00:00:00,PRCP,GHCND:GME00125698,402.4,,E,232,1945-08-01,2020-02-29,51.1617,"KR. BAUTZEN KUBSCHUTZ, GM",0.9499,GHCND:GME00125698,METERS,14.5056
2018-01-01T00:00:00,PRCP,GHCND:GME00125710,778.6,,E,413,1961-11-01,2020-02-29,50.1028,"MANDERSCHEID SONNENHOF, GM",0.9971,GHCND:GME00125710,METERS,6.8019
2018-01-01T00:00:00,PRCP,GHCND:GME00125746,558,,E,182,1946-01-01,2020-02-29,50.8503,"KR. MARBURG BIEDENKOPF COLBE, GM",0.89,GHCND:GME00125746,METERS,8.7742
2018-01-01T00:00:00,PRCP,GHCND:GME00125794,642.4,,E,430,1983-01-01,2020-02-29,50.7344,"MARTINRODA, GM",1,GHCND:GME00125794,METERS,10.8831
2018-01-01T00:00:00,PRCP,GHCND:GME00125806,534.5,,E,350,1931-01-01,2020-02-29,49.9678,"HEINERSREUTH VOLLHOF, GM",0.9776,GHCND:GME00125806,METERS,11.5208
2018-01-01T00:00:00,PRCP,GHCND:GME00125818,1263.9,,E,1004,1941-01-01,2020-02-29,48.9367,"MAUTH FINSTERAU, GM",0.9811,GHCND:GME00125818,METERS,13.5781
2018-01-01T00:00:00,PRCP,GHCND:GME00125866,329.5,,E,107,1951-01-01,2020-02-29,51.7269,"MEHRINGEN, GM",0.9481,GHCND:GME00125866,METERS,11.5125
2018-01-01T00:00:00,PRCP,GHCND:GME00125890,415.5,,E,157,1905-05-01,2020-02-29,51.1306,"GARSEBACH BEI MEISSEN, GM",0.9299,GHCND:GME00125890,METERS,13.4342
2018-01-01T00:00:00,PRCP,GHCND:GME00125902,538.2,,E,89,1931-01-01,2020-02-29,52.2056,"MELLE, GM",0.9205,GHCND:GME00125902,METERS,8.3392
2018-01-01T00:00:00,PRCP,GHCND:GME00125914,768.9,,E,615,1951-01-01,2020-02-29,47.9831,"MEMMINGEN, GM",0.9988,GHCND:GME00125914,METERS,10.1392
2018-01-01T00:00:00,PRCP,GHCND:GME00125962,635.8,,E,19,2001-04-01,2020-02-29,52.7331,"MEPPEN, GM",0.9727,GHCND:GME00125962,METERS,7.3331
2018-01-01T00:00:00,PRCP,GHCND:GME00125974,641.1,,E,250,1910-01-01,2020-02-29,49.4781,"BAD NEUNKIRCHEN MERGENTHEIM, GM",1,GHCND:GME00125974,METERS,9.7631
2018-01-01T00:00:00,PRCP,GHCND:GME00126010,706.4,,E,313,1879-01-01,2020-02-29,48.8556,"METTEN, GM",1,GHCND:GME00126010,METERS,12.9203
2018-01-01T00:00:00,PRCP,GHCND:GME00126022,740.8,,E,355,1941-01-01,2020-02-29,48.5383,"METZINGEN, GM",0.9646,GHCND:GME00126022,METERS,9.2742
2018-01-01T00:00:00,PRCP,GHCND:GME00126046,658.8,,E,240,1951-01-01,2020-02-29,49.67,"MICHELSTADT, GM",1,GHCND:GME00126046,METERS,9.0119
2018-01-01T00:00:00,PRCP,GHCND:GME00126058,617.9,,E,453,1987-10-01,2020-02-29,49.7189,"MICHELSTADT VIELBRUNN, GM",1,GHCND:GME00126058,METERS,9.1006
2018-01-01T00:00:00,PRCP,GHCND:GME00126070,453.4,,E,349,1973-01-01,2020-02-29,50.7294,"SCHMIERITZ WELTWITZ, GM",0.9398,GHCND:GME00126070,METERS,11.7856
2018-01-01T00:00:00,PRCP,GHCND:GME00126082,557.7,,E,128,1931-01-01,2020-02-29,49.7131,"MILTENBERG, GM",0.9776,GHCND:GME00126082,METERS,9.2267
2018-01-01T00:00:00,PRCP,GHCND:GME00126118,852.9,,E,450,1931-01-01,2020-02-29,49.5628,"BEERFELDEN, GM",0.9931,GHCND:GME00126118,METERS,8.9689
2018-01-01T00:00:00,PRCP,GHCND:GME00126154,514,,E,239,1941-01-01,2020-02-29,49.7656,"ROLLBACH, GM",0.9663,GHCND:GME00126154,METERS,9.2542
2018-01-01T00:00:00,PRCP,GHCND:GME00126178,589.2,,E,265,1938-01-01,2020-02-29,50.4392,"MONTABAUR, GM",0.497,GHCND:GME00126178,METERS,7.8064
2018-01-01T00:00:00,PRCP,GHCND:GME00126190,587,,E,240,1990-07-01,2020-02-29,51.7217,"MORINGEN LUTTERBECK, GM",0.9773,GHCND:GME00126190,METERS,9.8358
2018-01-01T00:00:00,PRCP,GHCND:GME00126226,727.9,,E,405,1953-01-01,2020-02-29,48.28,"MUHLDORF, GM",1,GHCND:GME00126226,METERS,12.5039
2018-01-01T00:00:00,PRCP,GHCND:GME00126250,385.8,,E,63,1949-01-01,2020-02-29,52.5189,"MUNCHEBERG, GM",0.9778,GHCND:GME00126250,METERS,14.125
2018-01-01T00:00:00,PRCP,GHCND:GME00126322,739.7,,E,750,1892-01-01,2020-02-29,48.3864,"MUNSINGEN APFELSTETTEN, GM",0.7191,GHCND:GME00126322,METERS,9.4842
2018-01-01T00:00:00,PRCP,GHCND:GME00126358,428.2,,E,125,1887-06-01,2020-02-29,51.5675,"BAD MUSKAU, GM",0.9405,GHCND:GME00126358,METERS,14.7006
2018-01-01T00:00:00,PRCP,GHCND:GME00126370,519.1,,E,103,1994-06-01,2020-02-29,52.3181,"BELM, GM",0.5308,GHCND:GME00126370,METERS,8.1706
2018-01-01T00:00:00,PRCP,GHCND:GME00126394,459,,E,142,1947-01-01,2020-02-29,50.3694,"BAD NAUHEIM, GM",0.9465,GHCND:GME00126394,METERS,8.7656
2018-01-01T00:00:00,PRCP,GHCND:GME00126430,674.8,,E,495,1991-06-01,2020-02-29,48.3125,"NEUBURG KAMMEL LANGENHASLACH, GM",1,GHCND:GME00126430,METERS,10.3781
2018-01-01T00:00:00,PRCP,GHCND:GME00126466,478.3,,E,111,1931-01-01,2020-02-29,50.5356,"BAD AHRWEILER NEUENAHR, GM",0.9736,GHCND:GME00126466,METERS,7.0853
2018-01-01T00:00:00,PRCP,GHCND:GME00126478,382.5,,E,77,2004-10-01,2020-02-29,53.1031,"MENZ, GM",1,GHCND:GME00126478,METERS,13.0439
2018-01-01T00:00:00,PRCP,GHCND:GME00126490,873.9,,E,845,1989-01-01,2020-02-29,50.5014,"NEUHAUS AM RENNWEG, GM",1,GHCND:GME00126490,METERS,11.1356
2018-01-01T00:00:00,PRCP,GHCND:GME00126514,672.8,,E,663,1993-12-01,2020-02-29,47.9531,"NEUHAUSEN OB ECK UNTERSCHWANDO, GM",0.9652,GHCND:GME00126514,METERS,8.9942
2018-01-01T00:00:00,PRCP,GHCND:GME00126526,547.7,,E,500,1931-01-01,2020-02-29,50.8933,"NEUKIRCHEN HAUPTSCHWENDA, GM",0.9761,GHCND:GME00126526,METERS,9.4064
2018-01-01T00:00:00,PRCP,GHCND:GME00126562,743.7,,E,195,1992-09-01,2020-02-29,50.8456,"NEUNKIRCHEN SEELSCHEID KRAWINK, GM",1,GHCND:GME00126562,METERS,7.3719
2018-01-01T00:00:00,PRCP,GHCND:GME00126586,859.8,,E,236,1970-01-01,2020-02-29,49.3444,"NEUNKIRCHEN WELLESWEILER, GM",0.927,GHCND:GME00126586,METERS,7.2303
2018-01-01T00:00:00,PRCP,GHCND:GME00126622,542.3,,E,452,1951-01-01,2020-02-29,49.8183,"NEUSTADT AM KULM FILCHENDORF, GM",1,GHCND:GME00126622,METERS,11.8653
2018-01-01T00:00:00,PRCP,GHCND:GME00126670,637.4,,E,341,1981-01-01,2020-02-29,48.9842,"REGENSBURG BURGWEINTING, GM",1,GHCND:GME00126670,METERS,12.1456
2018-01-01T00:00:00,PRCP,GHCND:GME00126694,625.4,,E,350,1993-11-01,2020-02-29,50.6756,"NIDEGGEN SCHMIDT, GM",1,GHCND:GME00126694,METERS,6.4242
2018-01-01T00:00:00,PRCP,GHCND:GME00126718,662.8,,E,473,2001-04-01,2020-02-29,49.3992,"NIEDERSTETTEN, GM",0.989,GHCND:GME00126718,METERS,9.9653
2018-01-01T00:00:00,PRCP,GHCND:GME00126730,561.3,,E,451,1931-01-01,2020-02-29,48.5342,"NIEDERSTOTZINGEN, GM",0.9766,GHCND:GME00126730,METERS,10.2442
2018-01-01T00:00:00,PRCP,GHCND:GME00126754,601.1,,E,435,1941-01-01,2020-02-29,48.8264,"REIMLINGEN, GM",0.9747,GHCND:GME00126754,METERS,10.5078
2018-01-01T00:00:00,PRCP,GHCND:GME00126766,504,,E,111,2001-06-01,2020-02-29,50.8289,"NORVENICH FLUGPLATZ, GM",0.9774,GHCND:GME00126766,METERS,6.6592
2018-01-01T00:00:00,PRCP,GHCND:GME00126778,603,,E,25,2001-04-01,2020-02-29,53.7644,"NORDHOLZ FLUGPLATZ, GM",0.9998,GHCND:GME00126778,METERS,8.6575
2018-01-01T00:00:00,PRCP,GHCND:GME00126790,614.9,,E,24,1931-01-01,2020-02-29,52.4408,"NORDHORN, GM",0.8851,GHCND:GME00126790,METERS,7.1056
2018-01-01T00:00:00,PRCP,GHCND:GME00126838,544.2,,E,368,1975-01-01,2020-02-29,49.4267,"NURNBERG NETZSTALL, GM",0.9796,GHCND:GME00126838,METERS,11.2553
2018-01-01T00:00:00,PRCP,GHCND:GME00126874,1042.2,,E,518,1941-01-01,2020-02-29,47.6192,"KIEFERSFELDEN GACH, GM",0.9357,GHCND:GME00126874,METERS,12.1681
2018-01-01T00:00:00,PRCP,GHCND:GME00126886,548.7,,E,70,2001-04-01,2020-02-29,52.8167,"BERGEN, GM",0.9825,GHCND:GME00126886,METERS,9.9331
2018-01-01T00:00:00,PRCP,GHCND:GME00126898,964.9,,E,480,1982-07-01,2020-02-29,48.3156,"OBERNDORF NECKAR AISTAIG, GM",0.9555,GHCND:GME00126898,METERS,8.5742
2018-01-01T00:00:00,PRCP,GHCND:GME00126910,836,,E,484,1976-04-01,2020-02-29,48.2444,"OBERSCHLEISSHEIM, GM",1,GHCND:GME00126910,METERS,11.5539
2018-01-01T00:00:00,PRCP,GHCND:GME00126922,616.4,,E,230,1951-01-01,2020-02-29,49.1289,"OBERSULM WILLSBACH, GM",0.9981,GHCND:GME00126922,METERS,9.3533
2018-01-01T00:00:00,PRCP,GHCND:GME00126946,554.3,,E,596,1948-10-01,2020-02-29,49.4531,"OBERVIECHTACH, GM",1,GHCND:GME00126946,METERS,12.4381
2018-01-01T00:00:00,PRCP,GHCND:GME00127030,748.1,,E,252,1941-01-01,2020-02-29,49.1081,"BAD BERGZABERN, GM",0.9527,GHCND:GME00127030,METERS,7.9969
2018-01-01T00:00:00,PRCP,GHCND:GME00127090,347.2,,E,246,1984-08-01,2020-02-29,51.0883,"OSTERFELD, GM",0.9481,GHCND:GME00127090,METERS,11.9314
2018-01-01T00:00:00,PRCP,GHCND:GME00127114,450.9,,E,312,1951-01-01,2020-02-29,50.455,"OSTHEIM V.D. RHON, GM",0.9253,GHCND:GME00127114,METERS,10.2219
2018-01-01T00:00:00,PRCP,GHCND:GME00127138,1277.9,,E,872,1993-10-01,2020-02-29,47.6367,"OY MITTELBERG PETERSTHAL, GM",1,GHCND:GME00127138,METERS,10.3903
2018-01-01T00:00:00,PRCP,GHCND:GME00127150,580.6,,E,7,1950-01-01,2020-02-29,53.0656,"PAPENBURG, GM",0.8634,GHCND:GME00127150,METERS,7.4819
2018-01-01T00:00:00,PRCP,GHCND:GME00127174,671.8,,E,549,1950-01-01,2020-02-29,49.1517,"PARSBERG OBERPFALZ EGLWANG, GM",0.9988,GHCND:GME00127174,METERS,11.6908
2018-01-01T00:00:00,PRCP,GHCND:GME00127186,780.9,,E,327,1879-01-01,2020-02-29,48.5817,"PASSAU MAIERHOF, GM",0.8671,GHCND:GME00127186,METERS,13.4167
2018-01-01T00:00:00,PRCP,GHCND:GME00127222,414.3,,E,1,1998-01-01,2020-02-29,54.0906,"PELZERHAKEN, GM",0.9653,GHCND:GME00127222,METERS,10.8783
2018-01-01T00:00:00,PRCP,GHCND:GME00127246,691.8,,E,152,1965-01-01,2020-02-29,49.5367,"PERL NENNIG, GM",0.7839,GHCND:GME00127246,METERS,6.3808
2018-01-01T00:00:00,PRCP,GHCND:GME00127258,796.3,,E,610,1986-12-01,2020-02-29,50.985,"BAD STUNZEL BERLEBURG, GM",1,GHCND:GME00127258,METERS,8.3689
2018-01-01T00:00:00,PRCP,GHCND:GME00127306,629.5,,E,333,2005-09-01,2020-02-29,48.9328,"PFORZHEIM ISPRINGEN, GM",1,GHCND:GME00127306,METERS,8.6967
2018-01-01T00:00:00,PRCP,GHCND:GME00127318,603.1,,E,630,1958-01-01,2020-02-29,47.9353,"PFULLENDORF, GM",0.9745,GHCND:GME00127318,METERS,9.2878
2018-01-01T00:00:00,PRCP,GHCND:GME00127342,775.7,,E,390,1931-01-01,2020-02-29,49.1919,"PIRMASENS, GM",0.6577,GHCND:GME00127342,METERS,7.5881
2018-01-01T00:00:00,PRCP,GHCND:GME00127354,478.9,,E,386,1882-01-01,2020-02-29,50.4831,"PLAUEN, GM",0.9886,GHCND:GME00127354,METERS,12.1317
2018-01-01T00:00:00,PRCP,GHCND:GME00127390,637,,E,522,1993-09-01,2020-02-29,49.4789,"POMMELSBRUNN MITTELBURG, GM",0.9779,GHCND:GME00127390,METERS,11.5367
2018-01-01T00:00:00,PRCP,GHCND:GME00127438,419.6,,E,60,1961-01-01,2020-02-29,52.6325,"BERLIN BUCH, GM",0.9916,GHCND:GME00127438,METERS,13.5039
2018-01-01T00:00:00,PRCP,GHCND:GME00127462,456.7,,E,40,1947-01-01,2020-02-29,54.3656,"PUTBUS, GM",0.9657,GHCND:GME00127462,METERS,13.4783
2018-01-01T00:00:00,PRCP,GHCND:GME00127498,292.1,,E,142,1951-01-01,2020-02-29,51.7967,"QUEDLINBURG, GM",0.9012,GHCND:GME00127498,METERS,11.1331
2018-01-01T00:00:00,PRCP,GHCND:GME00127510,318.9,,E,204,1969-01-01,2020-02-29,51.3906,"QUERFURT MUHLE LODERSLEBEN, GM",0.9887,GHCND:GME00127510,METERS,11.5428
2018-01-01T00:00:00,PRCP,GHCND:GME00127534,627,,E,13,1974-12-01,2020-02-29,53.7344,"QUICKBORN, GM",0.9382,GHCND:GME00127534,METERS,9.8783
2018-01-01T00:00:00,PRCP,GHCND:GME00127546,762.6,,E,407,1953-01-01,2020-02-29,47.7467,"RADOLFZELL MARKELFINGEN, GM",0.8782,GHCND:GME00127546,METERS,9.0017
2018-01-01T00:00:00,PRCP,GHCND:GME00127558,415.5,,E,42,1941-01-01,2020-02-29,52.4481,"RAHDEN VARL, GM",0.9745,GHCND:GME00127558,METERS,8.5731
2018-01-01T00:00:00,PRCP,GHCND:GME00127582,750.1,,E,114,1937-01-01,2020-02-29,48.8478,"RASTATT, GM",0.7424,GHCND:GME00127582,METERS,8.1869
2018-01-01T00:00:00,PRCP,GHCND:GME00127618,715.6,,E,440,1931-01-01,2020-02-29,47.8069,"KR. RAVENSBURG WEINGARTEN, GM",0.9457,GHCND:GME00127618,METERS,9.6217
2018-01-01T00:00:00,PRCP,GHCND:GME00127678,690.8,,E,764,1947-01-01,2020-02-29,50.5614,"MARIENBERG REITZENHAIN, GM",0.9076,GHCND:GME00127678,METERS,13.2239
2018-01-01T00:00:00,PRCP,GHCND:GME00127726,547.9,,E,478,1941-01-01,2020-02-29,48.7433,"RENNINGEN IHINGER HOF, GM",0.9748,GHCND:GME00127726,METERS,8.925
2018-01-01T00:00:00,PRCP,GHCND:GME00127750,623.6,,E,131,1958-01-01,2020-02-29,48.6708,"RHEINAU MEMPRECHTSHOFEN, GM",1,GHCND:GME00127750,METERS,7.9956
2018-01-01T00:00:00,PRCP,GHCND:GME00127786,801.7,,E,287,1953-09-01,2020-02-29,47.5633,"RHEINFELDEN, GM",0.9775,GHCND:GME00127786,METERS,7.7942
2018-01-01T00:00:00,PRCP,GHCND:GME00127810,596.3,,E,533,1951-01-01,2020-02-29,48.1489,"KREIS BIBERACH ALTHEIM, GM",0.9988,GHCND:GME00127810,METERS,9.4606
2018-01-01T00:00:00,PRCP,GHCND:GME00127822,385.1,,E,60,1993-05-01,2020-02-29,52.5458,"BERLIN MARZAHN, GM",0.8665,GHCND:GME00127822,METERS,13.5617
2018-01-01T00:00:00,PRCP,GHCND:GME00127894,893.1,,E,444,1950-01-01,2020-02-29,47.8758,"ROSENHEIM, GM",0.9988,GHCND:GME00127894,METERS,12.1292
2018-01-01T00:00:00,PRCP,GHCND:GME00127906,456.1,,E,32,1901-01-01,2020-02-29,53.1303,"ROTENBURG WUMME, GM",0.9587,GHCND:GME00127906,METERS,9.3406
2018-01-01T00:00:00,PRCP,GHCND:GME00127930,406.3,,E,46,1967-01-01,2020-02-29,52.3819,"BERLIN SCHONEFELD, GM",1,GHCND:GME00127930,METERS,13.5325
2018-01-01T00:00:00,PRCP,GHCND:GME00127942,635.1,,E,385,2001-06-01,2020-02-29,49.2158,"ROTH, GM",0.9549,GHCND:GME00127942,METERS,11.1025
2018-01-01T00:00:00,PRCP,GHCND:GME00127954,538.1,,E,415,1894-10-01,2020-02-29,49.3856,"ROTHENBURG OB DER TAUBER, GM",0.9963,GHCND:GME00127954,METERS,10.1742
2018-01-01T00:00:00,PRCP,GHCND:GME00127966,628.2,,E,95,1951-01-01,2020-02-29,52.1053,"BAD ROTHENFELDE, GM",0.9995,GHCND:GME00127966,METERS,8.1828
2018-01-01T00:00:00,PRCP,GHCND:GME00127978,558.3,,E,360,1979-07-01,2020-02-29,48.4714,"ROTTENBURG KIEBINGEN, GM",0.9723,GHCND:GME00127978,METERS,8.9694
2018-01-01T00:00:00,PRCP,GHCND:GME00128002,737.1,,E,588,1941-01-01,2020-02-29,48.1819,"ROTTWEIL, GM",0.8852,GHCND:GME00128002,METERS,8.6358
2018-01-01T00:00:00,PRCP,GHCND:GME00128014,487.5,,E,102,1941-01-01,2020-02-29,49.8517,"BAD KREUZNACH, GM",0.9673,GHCND:GME00128014,METERS,7.8725
2018-01-01T00:00:00,PRCP,GHCND:GME00128038,557.4,,E,461,1951-01-01,2020-02-29,49.6478,"RUPPERTSECKEN, GM",1,GHCND:GME00128038,METERS,7.8842
2018-01-01T00:00:00,PRCP,GHCND:GME00128110,520.8,,E,248,1987-11-01,2020-02-29,48.9578,"SACHSENHEIM, GM",1,GHCND:GME00128110,METERS,9.0719
2018-01-01T00:00:00,PRCP,GHCND:GME00128134,956.5,,E,456,1985-09-01,2020-02-29,48.7842,"SALDENBURG ENTSCHENREUTH, GM",0.9994,GHCND:GME00128134,METERS,13.3158
2018-01-01T00:00:00,PRCP,GHCND:GME00128170,567.3,,E,175,1992-04-01,2020-02-29,52.0792,"SALZHEMMENDORF LAUENSTEIN, GM",0.9045,GHCND:GME00128170,METERS,9.5531
2018-01-01T00:00:00,PRCP,GHCND:GME00128182,608.4,,E,135,1935-01-01,2020-02-29,52.1056,"BAD SALZUFLEN, GM",0.9413,GHCND:GME00128182,METERS,8.7531
2018-01-01T00:00:00,PRCP,GHCND:GME00128194,323.2,,E,23,1947-01-01,2020-02-29,52.8581,"SALZWEDEL, GM",0.8633,GHCND:GME00128194,METERS,11.1442
2018-01-01T00:00:00,PRCP,GHCND:GME00128206,689.6,,E,510,1941-01-01,2020-02-29,50.3531,"SANDBERG, GM",0.9748,GHCND:GME00128206,METERS,10.0042
2018-01-01T00:00:00,PRCP,GHCND:GME00128218,577.7,,E,5,1951-01-01,2020-02-29,54.3294,"SANKT PETER ORDING, GM",1,GHCND:GME00128218,METERS,8.6028
2018-01-01T00:00:00,PRCP,GHCND:GME00128266,447.4,,E,155,1979-12-01,2020-02-29,49.9203,"SCHAAFHEIM SCHLIERBACH, GM",0.9959,GHCND:GME00128266,METERS,8.9681
2018-01-01T00:00:00,PRCP,GHCND:GME00128278,513.1,,E,215,1947-01-01,2020-02-29,47.9608,"SCHALLSTADT MENGEN, GM",0.8995,GHCND:GME00128278,METERS,7.7125
2018-01-01T00:00:00,PRCP,GHCND:GME00128350,934.6,,E,609,1947-01-01,2020-02-29,51.7667,"SCHIERKE, GM",0.9173,GHCND:GME00128350,METERS,10.655
2018-01-01T00:00:00,PRCP,GHCND:GME00128362,370.6,,E,84,1898-01-01,2020-02-24,51.8231,"BERNBURG SAALE NORD, GM",0.7652,GHCND:GME00128362,METERS,11.7114
2018-01-01T00:00:00,PRCP,GHCND:GME00128374,439.3,,E,501,1989-01-01,2020-02-29,50.5706,"SCHLEIZ, GM",0.9594,GHCND:GME00128374,METERS,11.8056
2018-01-01T00:00:00,PRCP,GHCND:GME00128422,687.2,,E,230,1931-01-01,2020-02-29,50.3456,"SCHLUCHTERN HEROLZ, GM",0.9626,GHCND:GME00128422,METERS,9.555
2018-01-01T00:00:00,PRCP,GHCND:GME00128470,927.7,,E,223,1966-01-01,2020-02-29,49.4231,"SCHMELZ HUTTERSDORF, GM",1,GHCND:GME00128470,METERS,6.8403
2018-01-01T00:00:00,PRCP,GHCND:GME00128482,483.4,,E,44,1971-03-01,2020-02-29,52.935,"GROSSENKNETEN, GM",0.9993,GHCND:GME00128482,METERS,8.2356
2018-01-01T00:00:00,PRCP,GHCND:GME00128494,1053.5,,E,937,1947-07-01,2020-02-29,50.6556,"SCHMUCKE, GM",0.739,GHCND:GME00128494,METERS,10.7708
2018-01-01T00:00:00,PRCP,GHCND:GME00128506,917.4,,E,649,1951-01-01,2020-02-29,50.3,"SCHNEIFELFORSTHAUS, GM",0.9908,GHCND:GME00128506,METERS,6.4169
2018-01-01T00:00:00,PRCP,GHCND:GME00128530,508.1,,E,609,1931-01-01,2020-02-29,50.2056,"SELB OBERFRANKEN LAUTERBACH, GM",0.9693,GHCND:GME00128530,METERS,12.145
2018-01-01T00:00:00,PRCP,GHCND:GME00128542,1021.2,,E,400,1953-01-01,2020-02-29,47.6469,"SCHOPFHEIM EICHEN, GM",0.9616,GHCND:GME00128542,METERS,7.8442
2018-01-01T00:00:00,PRCP,GHCND:GME00128554,598.2,,E,399,1996-05-01,2020-02-29,49.1656,"SCHORNDORF KNOBLING, GM",1,GHCND:GME00128554,METERS,12.6192
2018-01-01T00:00:00,PRCP,GHCND:GME00128566,591.7,,E,265,1949-01-01,2020-02-29,50.4939,"SCHOTTEN, GM",0.9953,GHCND:GME00128566,METERS,9.1239
2018-01-01T00:00:00,PRCP,GHCND:GME00128614,694.9,,E,349,1931-01-01,2020-02-29,49.0828,"SCHWABISCH HALL BIBERSFELD, GM",0.9146,GHCND:GME00128614,METERS,9.6881
2018-01-01T00:00:00,PRCP,GHCND:GME00128650,542.6,,E,356,1941-01-01,2020-02-29,49.3289,"SCHWANDORF, GM",0.9621,GHCND:GME00128650,METERS,12.0883
2018-01-01T00:00:00,PRCP,GHCND:GME00128686,547.5,,E,277,1969-01-01,2020-02-29,50.6456,"SCHWARZBURG, GM",0.9967,GHCND:GME00128686,METERS,11.1944
2018-01-01T00:00:00,PRCP,GHCND:GME00128734,371.6,,E,21,1970-01-01,2020-02-29,52.8928,"SEEHAUSEN, GM",1,GHCND:GME00128734,METERS,11.7306
2018-01-01T00:00:00,PRCP,GHCND:GME00128758,586.9,,E,186,1937-01-01,2020-02-29,51.9056,"SEESEN, GM",0.974,GHCND:GME00128758,METERS,10.19
2018-01-01T00:00:00,PRCP,GHCND:GME00128818,705.8,,E,580,1951-01-01,2020-02-29,48.0728,"SIGMARINGEN LAIZ, GM",0.9807,GHCND:GME00128818,METERS,9.1953
2018-01-01T00:00:00,PRCP,GHCND:GME00128830,1055.2,,E,507,1931-01-01,2020-02-29,47.5783,"SIGMARSZELL ZEISERTSWEILER, GM",0.9775,GHCND:GME00128830,METERS,9.7417
2018-01-01T00:00:00,PRCP,GHCND:GME00128854,737.3,,E,360,1951-01-01,2020-02-29,48.2728,"SIMBACH INN, GM",1,GHCND:GME00128854,METERS,13.0289
2018-01-01T00:00:00,PRCP,GHCND:GME00128866,563.1,,E,437,1948-01-01,2020-02-29,50.0017,"SIMMERN WAHLBACH, GM",0.9991,GHCND:GME00128866,METERS,7.5969
2018-01-01T00:00:00,PRCP,GHCND:GME00128902,814,,E,154,1931-01-01,2020-02-29,51.1408,"SOLINGEN HOHENSCHEID, GM",0.9785,GHCND:GME00128902,METERS,7.0942
2018-01-01T00:00:00,PRCP,GHCND:GME00128914,531.4,,E,76,1891-05-31,2020-02-29,52.9617,"SOLTAU, GM",0.9799,GHCND:GME00128914,METERS,9.7967
2018-01-01T00:00:00,PRCP,GHCND:GME00128962,474.7,,E,365,1961-01-01,2020-02-29,51.0617,"SONTRA, GM",0.9097,GHCND:GME00128962,METERS,9.9275
2018-01-01T00:00:00,PRCP,GHCND:GME00128974,378.5,,E,199,1941-01-01,2020-02-29,51.2814,"BAD SOODEN ALLENDORF, GM",0.9222,GHCND:GME00128974,METERS,9.9858
2018-01-01T00:00:00,PRCP,GHCND:GME00129010,643.2,,E,349,1931-01-01,2020-02-29,50.9208,"BIEDENKOPF, GM",0.9963,GHCND:GME00129010,METERS,8.5278
2018-01-01T00:00:00,PRCP,GHCND:GME00129022,639.6,,E,598,1941-01-01,2020-02-29,50.1542,"STAMMBACH QUERENBACH, GM",1,GHCND:GME00129022,METERS,11.7417
2018-01-01T00:00:00,PRCP,GHCND:GME00129046,566.8,,E,1,1931-01-01,2020-02-29,53.6956,"KR. CUXHAVEN STEINAU, GM",0.9776,GHCND:GME00129046,METERS,8.875
2018-01-01T00:00:00,PRCP,GHCND:GME00129082,538.9,,E,494,1947-01-01,2020-02-29,51.6692,"STIEGE, GM",0.8528,GHCND:GME00129082,METERS,10.8833
2018-01-01T00:00:00,PRCP,GHCND:GME00129094,631,,E,532,1977-10-01,2020-02-29,47.86,"STOCKACH, GM",0.7971,GHCND:GME00129094,METERS,9.0164
2018-01-01T00:00:00,PRCP,GHCND:GME00129106,658.4,,E,40,1974-12-01,2020-02-29,54.6667,"WAGERSROTT, GM",0.9594,GHCND:GME00129106,METERS,9.8044
2018-01-01T00:00:00,PRCP,GHCND:GME00129166,680.8,,E,395,1931-01-01,2020-02-29,50.6394,"TANN RHON, GM",0.9542,GHCND:GME00129166,METERS,10.0231
2018-01-01T00:00:00,PRCP,GHCND:GME00129190,351.6,,E,193,1994-10-01,2020-02-29,50.9789,"TEGKWITZ, GM",1,GHCND:GME00129190,METERS,12.3444
2018-01-01T00:00:00,PRCP,GHCND:GME00129202,398.9,,E,38,1947-01-01,2020-02-29,53.7625,"TETEROW, GM",0.9912,GHCND:GME00129202,METERS,12.5581
2018-01-01T00:00:00,PRCP,GHCND:GME00129214,529.2,,E,7,1952-01-01,2020-02-29,53.2775,"WORPSWEDE HUTTENBUSCH, GM",0.9902,GHCND:GME00129214,METERS,8.9867
2018-01-01T00:00:00,PRCP,GHCND:GME00129226,725.2,,E,633,1931-01-01,2020-02-29,50.4014,"TEUSCHNITZ, GM",0.9739,GHCND:GME00129226,METERS,11.3903
2018-01-01T00:00:00,PRCP,GHCND:GME00129250,965.5,,E,386,1975-06-01,2020-02-29,49.4744,"THOLEY, GM",0.9975,GHCND:GME00129250,METERS,7.0392
2018-01-01T00:00:00,PRCP,GHCND:GME00129274,500.1,,E,185,1986-05-01,2020-02-29,49.8819,"THUNGERSHEIM, GM",0.9132,GHCND:GME00129274,METERS,9.8464
2018-01-01T00:00:00,PRCP,GHCND:GME00129298,469.2,,E,500,1941-01-01,2020-02-29,49.8589,"TIRSCHENREUTH LODERMUHL, GM",0.8885,GHCND:GME00129298,METERS,12.3556
2018-01-01T00:00:00,PRCP,GHCND:GME00129346,507,,E,37,1954-01-01,2020-02-29,51.2908,"TONISVORST, GM",0.9906,GHCND:GME00129346,METERS,6.445
2018-01-01T00:00:00,PRCP,GHCND:GME00129418,494,,E,10,1951-01-01,2020-02-29,54.0681,"TRIBSEES, GM",0.9985,GHCND:GME00129418,METERS,12.7689
2018-01-01T00:00:00,PRCP,GHCND:GME00129430,750.4,,E,132,1907-05-01,2020-02-29,49.7325,"TRIER ZEWEN, GM",0.8996,GHCND:GME00129430,METERS,6.6131
2018-01-01T00:00:00,PRCP,GHCND:GME00129478,800.2,,E,559,1941-01-01,2020-02-29,48.0317,"TROSTBERG, GM",1,GHCND:GME00129478,METERS,12.5408
2018-01-01T00:00:00,PRCP,GHCND:GME00129526,500.3,,E,295,1931-01-01,2020-02-29,51.3356,"TWISTETAL MUHLHAUSEN, GM",0.9888,GHCND:GME00129526,METERS,8.9142
2018-01-01T00:00:00,PRCP,GHCND:GME00129550,377.7,,E,1,1890-06-07,2020-02-29,53.7458,"UECKERMUNDE, GM",0.9719,GHCND:GME00129550,METERS,14.0694
2018-01-01T00:00:00,PRCP,GHCND:GME00129562,406.8,,E,50,1951-01-01,2020-02-29,52.9428,"UELZEN, GM",0.8879,GHCND:GME00129562,METERS,10.53
2018-01-01T00:00:00,PRCP,GHCND:GME00129574,560.2,,E,308,1899-01-01,2020-02-29,49.5753,"GOLLHOFEN, GM",0.8773,GHCND:GME00129574,METERS,10.1928
2018-01-01T00:00:00,PRCP,GHCND:GME00129598,377,,E,162,1987-12-01,2020-02-29,52.1617,"UMMENDORF, GM",0.9278,GHCND:GME00129598,METERS,11.1767
2018-01-01T00:00:00,PRCP,GHCND:GME00129634,910.1,,E,720,1947-01-01,2020-02-29,48.0458,"VILLINGEN SCHWENNINGEN, GM",1,GHCND:GME00129634,METERS,8.4617
2018-01-01T00:00:00,PRCP,GHCND:GME00129718,503.8,,E,105,1951-01-01,2020-02-29,49.2456,"WAGHAUSEL KIRRLACH, GM",1,GHCND:GME00129718,METERS,8.5381
2018-01-01T00:00:00,PRCP,GHCND:GME00129754,531.9,,E,39,1981-04-01,2020-02-29,53.9214,"WITTENBORN, GM",1,GHCND:GME00129754,METERS,10.2306
2018-01-01T00:00:00,PRCP,GHCND:GME00129814,560.9,,E,380,1931-01-01,2020-02-29,50.2608,"WALDEMS REINBORN, GM",0.9383,GHCND:GME00129814,METERS,8.3608
2018-01-01T00:00:00,PRCP,GHCND:GME00129862,578.6,,E,353,1969-01-01,2020-02-29,50.8975,"WALTERSHAUSEN, GM",0.8646,GHCND:GME00129862,METERS,10.5494
2018-01-01T00:00:00,PRCP,GHCND:GME00129874,607.3,,E,3,1885-06-01,2020-02-29,53.7883,"WANGEROOGE, GM",0.9251,GHCND:GME00129874,METERS,7.9075
2018-01-01T00:00:00,PRCP,GHCND:GME00129886,464.7,,E,236,1998-01-01,2020-02-29,51.5053,"WARBURG, GM",0.9846,GHCND:GME00129886,METERS,9.1128
2018-01-01T00:00:00,PRCP,GHCND:GME00129898,374.8,,E,70,1947-01-01,2020-02-29,53.5214,"WAREN, GM",0.9431,GHCND:GME00129898,METERS,12.6692
2018-01-01T00:00:00,PRCP,GHCND:GME00129910,574.6,,E,417,1931-01-01,2020-02-29,50.0367,"BLANKENRATH, GM",0.9429,GHCND:GME00129910,METERS,7.3056
2018-01-01T00:00:00,PRCP,GHCND:GME00130018,449.6,,E,325,1969-01-01,2020-02-29,51.0192,"WEIMAR SCHONDORF, GM",1,GHCND:GME00130018,METERS,11.3556
2018-01-01T00:00:00,PRCP,GHCND:GME00130054,1042.7,,E,380,1957-01-01,2020-02-29,49.555,"WEISKIRCHEN SAAR, GM",0.9961,GHCND:GME00130054,METERS,6.8125
2018-01-01T00:00:00,PRCP,GHCND:GME00130078,512.2,,E,455,1981-01-01,2020-02-29,48.8467,"WEISSACH, GM",0.9296,GHCND:GME00130078,METERS,8.9089
2018-01-01T00:00:00,PRCP,GHCND:GME00130102,330.9,,E,115,1949-04-01,2020-02-29,51.2178,"WEISSENFELS, GM",0.8329,GHCND:GME00130102,METERS,11.9725
2018-01-01T00:00:00,PRCP,GHCND:GME00130114,307.7,,E,165,1983-01-01,2020-02-29,51.2131,"WEISSENSEE OTTENHAUSEN, GM",0.9576,GHCND:GME00130114,METERS,10.9967
2018-01-01T00:00:00,PRCP,GHCND:GME00130126,541.9,,E,173,1992-06-01,2020-02-29,48.1892,"WEISWEIL WALDECKHOF, GM",0.9936,GHCND:GME00130126,METERS,7.6983
2018-01-01T00:00:00,PRCP,GHCND:GME00130186,429.4,,E,234,1947-01-01,2020-02-29,51.8478,"WERNIGERODE, GM",0.9736,GHCND:GME00130186,METERS,10.7694
2018-01-01T00:00:00,PRCP,GHCND:GME00130210,498.3,,E,337,1994-05-01,2020-02-29,50.9056,"BOBECK, GM",0.9999,GHCND:GME00130210,METERS,11.7992
2018-01-01T00:00:00,PRCP,GHCND:GME00130234,820.4,,E,550,1999-02-01,2020-02-29,47.8833,"WIELENBACH DEMOLLSTR., GM",1,GHCND:GME00130234,METERS,11.1589
2018-01-01T00:00:00,PRCP,GHCND:GME00130258,594.5,,E,263,1987-06-01,2020-02-29,50.1331,"WIESBADEN AURINGEN, GM",1,GHCND:GME00130258,METERS,8.3178
2018-01-01T00:00:00,PRCP,GHCND:GME00130282,360.1,,E,187,1986-07-01,2020-02-29,52.1219,"WIESENBURG, GM",0.9726,GHCND:GME00130282,METERS,12.46
2018-01-01T00:00:00,PRCP,GHCND:GME00130294,503.1,,E,21,1941-01-01,2020-02-29,51.8308,"BOCHOLT, GM",0.8704,GHCND:GME00130294,METERS,6.5358
2018-01-01T00:00:00,PRCP,GHCND:GME00130306,933.1,,E,385,1949-01-01,2020-02-29,48.7856,"BAD CALMBACH WILDBAD, GM",0.9098,GHCND:GME00130306,METERS,8.5769
2018-01-01T00:00:00,PRCP,GHCND:GME00130330,715.3,,E,570,1995-04-01,2020-02-29,48.6525,"NEUBULACH OBERHAUGSTETT, GM",0.863,GHCND:GME00130330,METERS,8.6808
2018-01-01T00:00:00,PRCP,GHCND:GME00130378,585.4,,E,240,1931-01-01,2020-02-29,48.8042,"REMS MURR KREIS WINTERBACH, GM",0.9694,GHCND:GME00130378,METERS,9.4706
2018-01-01T00:00:00,PRCP,GHCND:GME00130390,427.1,,E,25,1947-01-01,2020-02-29,53.8944,"WISMAR, GM",0.7494,GHCND:GME00130390,METERS,11.4253
2018-01-01T00:00:00,PRCP,GHCND:GME00130402,308,,E,105,1947-01-01,2020-02-29,51.8903,"WITTENBERG, GM",1,GHCND:GME00130402,METERS,12.6464
2018-01-01T00:00:00,PRCP,GHCND:GME00130438,408,,E,66,1948-10-01,2020-02-29,53.1875,"WITTSTOCK ROTE MUHLE, GM",0.9984,GHCND:GME00130438,METERS,12.4964
2018-01-01T00:00:00,PRCP,GHCND:GME00130486,961,,E,291,1958-01-01,2020-02-29,48.2958,"WOLFACH, GM",1,GHCND:GME00130486,METERS,8.24
2018-01-01T00:00:00,PRCP,GHCND:GME00130510,403.7,,E,82,1931-01-01,2020-02-29,52.3975,"WOLFSBURG SUDWEST, GM",0.9766,GHCND:GME00130510,METERS,10.6908
2018-01-01T00:00:00,PRCP,GHCND:GME00130534,421.4,,E,88,1936-01-01,2020-02-29,49.6056,"WORMS, GM",0.8475,GHCND:GME00130534,METERS,8.3667
2018-01-01T00:00:00,PRCP,GHCND:GME00130570,420.1,,E,57,1941-01-01,2020-02-29,52.4581,"WUNSTORF, GM",0.971,GHCND:GME00130570,METERS,9.4281
2018-01-01T00:00:00,PRCP,GHCND:GME00130582,779.7,,E,130,1937-01-01,2020-02-29,51.2258,"WUPPERTAL BUCHENHOFEN, GM",0.9398,GHCND:GME00130582,METERS,7.1058
2018-01-01T00:00:00,PRCP,GHCND:GME00130618,882.8,,E,398,1961-01-01,2020-02-29,47.6789,"WUTOSCHINGEN OFTERINGEN, GM",1,GHCND:GME00130618,METERS,8.3806
2018-01-01T00:00:00,PRCP,GHCND:GME00130630,629.9,,E,8,1887-07-01,2020-02-29,54.6942,"WRIXUM FOHR, GM",0.9759,GHCND:GME00130630,METERS,8.5281
2018-01-01T00:00:00,PRCP,GHCND:GME00130654,342.4,,E,170,1952-09-01,2020-02-29,51.0539,"ZEITZ, GM",1,GHCND:GME00130654,METERS,12.1442
2018-01-01T00:00:00,PRCP,GHCND:GME00130726,422.3,,E,353,1948-01-01,2020-02-29,50.6892,"LICHTENTANNE, GM",0.9376,GHCND:GME00130726,METERS,12.4342
2018-01-01T00:00:00,PRCP,GHCND:GME00130738,903.5,,E,615,1998-01-01,2020-02-29,49.0292,"ZWIESEL, GM",0.976,GHCND:GME00130738,METERS,13.2403
2018-01-01T00:00:00,PRCP,GHCND:GME00130786,306.5,,E,40,1953-07-01,2020-02-29,52.6206,"BERGE, GM",0.9999,GHCND:GME00130786,METERS,12.7889
2018-01-01T00:00:00,PRCP,GHCND:GME00130858,484,,E,254,1950-01-01,2020-02-29,51.1331,"MELSUNGEN BURSTOSS, GM",0.9537,GHCND:GME00130858,METERS,9.52
2018-01-01T00:00:00,PRCP,GHCND:GME00130870,412,,E,45,1947-01-01,2020-02-29,53.3931,"BOIZENBURG, GM",0.98740000000000006,GHCND:GME00130870,METERS,10.6892
2018-01-01T00:00:00,PRCP,GHCND:GME00130906,568.5,,E,2,1998-01-01,2020-02-29,54.6408,"SCHONHAGEN OSTSEEBAD, GM",0.9728,GHCND:GME00130906,METERS,10.0244
2018-01-01T00:00:00,PRCP,GHCND:GME00130918,1357,,E,685,1899-01-01,2020-02-29,47.6758,"REIT IM WINKL, GM",0.9567,GHCND:GME00130918,METERS,12.4708
2018-01-01T00:00:00,PRCP,GHCND:GME00130990,617.6,,E,159,1990-01-01,2020-02-29,50.7364,"BONN ROLEBER, GM",0.9866,GHCND:GME00130990,METERS,7.1939
2018-01-01T00:00:00,PRCP,GHCND:GME00131002,892.9,,E,592,1950-01-01,2020-02-29,48.0744,"BOOS, GM",0.9834,GHCND:GME00131002,METERS,10.2014
2018-01-01T00:00:00,PRCP,GHCND:GME00131026,447.3,,E,62,1998-02-01,2020-02-29,53.2153,"WENDISCH EVERN, GM",0.8717,GHCND:GME00131026,METERS,10.4717
2018-01-01T00:00:00,PRCP,GHCND:GME00131062,388.8,,E,50,1998-10-01,2020-02-29,53.3856,"GRAMBOW SCHWENNENZ, GM",1,GHCND:GME00131062,METERS,14.3742
2018-01-01T00:00:00,PRCP,GHCND:GME00131098,484.5,,E,290,1999-05-01,2020-02-29,51.0606,"SOHLAND SPREE, GM",1,GHCND:GME00131098,METERS,14.4281
2018-01-01T00:00:00,PRCP,GHCND:GME00131122,556.5,,E,8,1999-02-01,2020-02-29,53.6417,"WANGERLAND HOOKSIEL, GM",0.9842,GHCND:GME00131122,METERS,8.0828
2018-01-01T00:00:00,PRCP,GHCND:GME00131134,585.8,,E,455,1999-07-01,2020-02-29,49.2256,"WEIDENBACH WEIHERSCHNEIDBACH, GM",1,GHCND:GME00131134,METERS,10.6094
2018-01-01T00:00:00,PRCP,GHCND:GME00131146,563.9,,E,8,1959-03-01,2020-02-29,52.9553,"DORPEN, GM",0.9987,GHCND:GME00131146,METERS,7.3192
2018-01-01T00:00:00,PRCP,GHCND:GME00131158,473.2,,E,26,1999-10-06,2020-02-29,54.1667,"DORNICK, GM",0.9994,GHCND:GME00131158,METERS,10.3539
2018-01-01T00:00:00,PRCP,GHCND:GME00131170,396.6,,E,40,2000-02-01,2020-02-29,52.0206,"COSCHEN, GM",1,GHCND:GME00131170,METERS,14.7269
2018-01-01T00:00:00,PRCP,GHCND:GME00131182,604.4,,E,48,1941-01-01,2020-02-29,51.8742,"BORKEN IN WESTFALEN, GM",0.9747,GHCND:GME00131182,METERS,6.8867
2018-01-01T00:00:00,PRCP,GHCND:GME00131218,468.6,,E,268,2000-04-01,2019-05-26,50.2,"NASTATTEN, GM",1,GHCND:GME00131218,METERS,7.8656
2018-01-01T00:00:00,PRCP,GHCND:GME00131242,604.2,,E,258,2000-10-11,2020-02-29,51.8678,"LUGDE PAENBRUCH, GM",0.9994,GHCND:GME00131242,METERS,9.2719
2018-01-01T00:00:00,PRCP,GHCND:GME00131254,525,,E,16,2000-08-01,2020-02-29,54.2503,"STEINHAGEN NEGAST, GM",1,GHCND:GME00131254,METERS,13.0431
2018-01-01T00:00:00,PRCP,GHCND:GME00131290,795.5,,E,190,2001-04-01,2020-02-29,49.2417,"SAARBRUCKEN BURBACH, GM",1,GHCND:GME00131290,METERS,6.935
2018-01-01T00:00:00,PRCP,GHCND:GME00131314,668.3,,E,459,2003-01-01,2020-02-29,47.6853,"FRIEDRICHSHAFEN UNTERRADERACH, GM",1,GHCND:GME00131314,METERS,9.4417
2018-01-01T00:00:00,PRCP,GHCND:GME00131326,837.7,,E,523,2004-06-01,2020-02-29,49.0217,"GROSSERLACH MANNENWEILER, GM",1,GHCND:GME00131326,METERS,9.6042
2018-01-01T00:00:00,PRCP,GHCND:GME00131338,578.2,,E,385,2002-12-01,2020-02-29,49.3333,"INGELFINGEN STACHENHAUSEN, GM",1,GHCND:GME00131338,METERS,9.705
2018-01-01T00:00:00,PRCP,GHCND:GME00131350,718.8,,E,413,2002-11-01,2020-02-29,48.7706,"SCHWABISCH GMUND WEILER, GM",1,GHCND:GME00131350,METERS,9.875
2018-01-01T00:00:00,PRCP,GHCND:GME00131362,658.6,,E,445,2004-02-01,2020-02-29,47.7744,"SINGEN, GM",0.9995,GHCND:GME00131362,METERS,8.8228
2018-01-01T00:00:00,PRCP,GHCND:GME00131374,615.8,,E,457,2004-06-01,2020-02-29,51.4156,"BRILON THULEN, GM",0.9999,GHCND:GME00131374,METERS,8.6506
2018-01-01T00:00:00,PRCP,GHCND:GME00131386,287.8,,E,36,2002-09-01,2020-02-29,52.3625,"WUSTERWITZ, GM",0.9995,GHCND:GME00131386,METERS,12.3883
2018-01-01T00:00:00,PRCP,GHCND:GME00131398,351.7,,E,112,2004-09-01,2020-02-29,52.0317,"PABSTORF, GM",1,GHCND:GME00131398,METERS,10.9639
2018-01-01T00:00:00,PRCP,GHCND:GME00131410,467.6,,E,283,2004-10-01,2020-02-29,50.8433,"MOORGRUND GRAFEN NITZENDORF, GM",1,GHCND:GME00131410,METERS,10.2528
2018-01-01T00:00:00,PRCP,GHCND:GME00131422,286.2,,E,36,2004-06-01,2020-02-29,52.5083,"DEMKER, GM",1,GHCND:GME00131422,METERS,11.8564
2018-01-01T00:00:00,PRCP,GHCND:GME00131434,590.4,,E,325,2003-12-01,2020-02-29,48.6717,"NOTZINGEN, GM",0.9995,GHCND:GME00131434,METERS,9.4633
2018-01-01T00:00:00,PRCP,GHCND:GME00131458,348.6,,E,190,2004-12-01,2020-02-29,51.2078,"MUHLHAUSEN GORMAR, GM",1,GHCND:GME00131458,METERS,10.4958
2018-01-01T00:00:00,PRCP,GHCND:GME00131470,401.3,,E,1,2004-08-01,2020-02-29,54.1064,"KARLSHAGEN, GM",1,GHCND:GME00131470,METERS,13.8258
2018-01-01T00:00:00,PRCP,GHCND:GME00131482,519.8,,E,362,2003-06-01,2020-02-29,49.5325,"MARKT ERLBACH MOSBACH, GM",1,GHCND:GME00131482,METERS,10.6431
2018-01-01T00:00:00,PRCP,GHCND:GME00131494,423.2,,E,308,1891-01-01,2020-02-29,51.0517,"NOSSEN, GM",0.7897,GHCND:GME00131494,METERS,13.3025
2018-01-01T00:00:00,PRCP,GHCND:GME00131506,596.4,,E,285,2005-11-01,2020-02-29,50.0142,"LOHR MAIN HALSBACH, GM",1,GHCND:GME00131506,METERS,9.655
2018-01-01T00:00:00,PRCP,GHCND:GME00131518,465.3,,E,59,2004-08-01,2020-02-29,51.7681,"LUDINGHAUSEN BROCHTRUP, GM",1,GHCND:GME00131518,METERS,7.5203
2018-01-01T00:00:00,PRCP,GHCND:GME00131530,460.3,,E,168,2004-12-01,2020-02-29,50.3956,"RUNKEL ENNERICH, GM",1,GHCND:GME00131530,METERS,8.1442
2018-01-01T00:00:00,PRCP,GHCND:GME00131554,538.8,,E,304,2005-03-01,2020-02-29,50.0589,"SCHONUNGEN MAINBERG, GM",1,GHCND:GME00131554,METERS,10.2983
2018-01-01T00:00:00,PRCP,GHCND:GME00131590,580,,E,58,1931-01-01,2020-02-29,52.405,"BRAMSCHE, GM",0.967,GHCND:GME00131590,METERS,7.9731
2018-01-01T00:00:00,PRCP,GHCND:GME00131674,379.7,,E,81,1961-01-01,2020-02-29,52.2903,"BRAUNSCHWEIG, GM",1,GHCND:GME00131674,METERS,10.4483
2018-01-01T00:00:00,PRCP,GHCND:GME00131782,639.8,,E,425,2005-02-01,2020-02-29,48.7031,"ELSENDORF HORNECK, GM",1,GHCND:GME00131782,METERS,11.8506
2018-01-01T00:00:00,PRCP,GHCND:GME00131794,453.5,,E,187,2004-11-01,2020-02-29,52.0106,"LIEBENBURG OTHFRESEN, GM",1,GHCND:GME00131794,METERS,10.3956
2018-01-01T00:00:00,PRCP,GHCND:GME00131818,1402.9,,E,721,2004-11-01,2020-02-29,47.8356,"SIEGSDORF HOLL, GM",1,GHCND:GME00131818,METERS,12.6564
2018-01-01T00:00:00,PRCP,GHCND:GME00131830,652.6,,E,105,2006-09-01,2020-02-29,52.0728,"BIELEFELD DEPPENDORF, GM",1,GHCND:GME00131830,METERS,8.4578
2018-01-01T00:00:00,PRCP,GHCND:GME00131842,602.9,,E,185,1983-11-01,2020-02-29,49.0264,"BRETTEN, GM",1,GHCND:GME00131842,METERS,8.7164
2018-01-01T00:00:00,PRCP,GHCND:GME00131866,600.8,,E,193,2004-12-01,2020-02-29,49.7644,"FREUDENBERG MAIN BOXTAL, GM",1,GHCND:GME00131866,METERS,9.4064
2018-01-01T00:00:00,PRCP,GHCND:GME00131878,713.8,,E,759,1986-11-01,2019-12-31,48.2164,"ALBSTADT BADKAP, GM",0.995,GHCND:GME00131878,METERS,8.9792
2018-01-01T00:00:00,PRCP,GHCND:GME00131902,693.7,,E,5,2005-07-01,2020-02-29,54.5281,"HATTSTEDT, GM",1,GHCND:GME00131902,METERS,9.0439
2018-01-01T00:00:00,PRCP,GHCND:GME00131950,311.9,,E,160,2005-08-31,2020-02-29,51.1519,"OLBERSLEBEN, GM",0.9999,GHCND:GME00131950,METERS,11.3331
2018-01-01T00:00:00,PRCP,GHCND:GME00131962,490.7,,E,465,2005-11-01,2020-02-29,50.5467,"TREUEN, GM",1,GHCND:GME00131962,METERS,12.2867
2018-01-01T00:00:00,PRCP,GHCND:GME00131974,602.9,,E,159,2005-10-01,2020-02-29,51.4644,"ARNSBERG NEHEIM, GM",1,GHCND:GME00131974,METERS,7.9789
2018-01-01T00:00:00,PRCP,GHCND:GME00131986,544,,E,468,2005-09-01,2020-02-29,48.6106,"HERMARINGEN ALLEWIND, GM",1,GHCND:GME00131986,METERS,10.2692
2018-01-01T00:00:00,PRCP,GHCND:GME00131998,631.8,,E,688,2006-03-31,2020-02-29,50.6208,"DEUTSCHNEUDORF BRUDERWIESE, GM",1,GHCND:GME00131998,METERS,13.4831
2018-01-01T00:00:00,PRCP,GHCND:GME00132010,655.7,,E,588,2006-08-01,2020-02-29,49.1094,"PRACKENBACH NEUHAUSEL, GM",1,GHCND:GME00132010,METERS,12.8244
2018-01-01T00:00:00,PRCP,GHCND:GME00132022,411.1,,E,115,2005-09-08,2020-02-29,53.3175,"FELDBERG MECKLENBURG, GM",0.9999,GHCND:GME00132022,METERS,13.4175
2018-01-01T00:00:00,PRCP,GHCND:GME00132034,294.7,,E,74,2007-01-01,2020-02-29,51.6831,"JESSNITZ, GM",1,GHCND:GME00132034,METERS,12.3056
2018-01-01T00:00:00,PRCP,GHCND:GME00132046,498.7,,E,144,2007-12-01,2020-02-29,51.9669,"ALFELD, GM",1,GHCND:GME00132046,METERS,9.8042
2018-01-01T00:00:00,PRCP,GHCND:GME00132058,431.5,,E,312,2007-11-01,2020-02-29,51.0025,"EISENACH, GM",0.9998,GHCND:GME00132058,METERS,10.3633
2018-01-01T00:00:00,PRCP,GHCND:GME00132094,589.8,,E,499,2006-12-11,2020-02-29,49.3919,"WALDMUNCHEN, GM",1,GHCND:GME00132094,METERS,12.6853
2018-01-01T00:00:00,PRCP,GHCND:GME00132106,607.1,,E,3,2006-03-01,2020-02-29,53.6,"BORKUM FLUGPLATZ, GM",1,GHCND:GME00132106,METERS,6.7031
2018-01-01T00:00:00,PRCP,GHCND:GME00132130,417.7,,E,82,2006-12-01,2020-02-29,52.7458,"HECKELBERG, GM",1,GHCND:GME00132130,METERS,13.8419
2018-01-01T00:00:00,PRCP,GHCND:GME00132154,398.7,,E,116,2010-01-01,2020-02-29,51.4506,"HOYERSWERDA, GM",1,GHCND:GME00132154,METERS,14.2542
2018-01-01T00:00:00,PRCP,GHCND:GME00132166,593,,E,622,2006-06-01,2020-02-29,50.0317,"WUNSIEDEL SCHONBRUNN, GM",1,GHCND:GME00132166,METERS,11.9742
2018-01-01T00:00:00,PRCP,GHCND:GME00132178,554.6,,E,350,2007-12-01,2020-02-29,48.6606,"GOTTFRIEDING, GM",0.9998,GHCND:GME00132178,METERS,12.5403
2018-01-01T00:00:00,PRCP,GHCND:GME00132190,806.3,,E,743,2008-05-01,2020-02-29,50.5083,"HOHERODSKOPF VOGELSBERG, GM",1,GHCND:GME00132190,METERS,9.2244
2018-01-01T00:00:00,PRCP,GHCND:GME00132202,613,,E,340,1931-01-01,2020-02-29,48.6167,"ALDERSBACH KRIESTORF, GM",0.9888,GHCND:GME00132202,METERS,13.0519
2018-01-01T00:00:00,PRCP,GHCND:GME00132214,931.7,,E,672,2007-04-01,2020-02-29,47.7964,"LEUTKIRCH HERLAZHOFEN, GM",0.9975,GHCND:GME00132214,METERS,10.0333
2018-01-01T00:00:00,PRCP,GHCND:GME00132226,599.7,,E,350,2011-02-01,2020-02-29,50.7531,"NEU ULRICHSTEIN, GM",1,GHCND:GME00132226,METERS,9.0233
2018-01-01T00:00:00,PRCP,GHCND:GME00132238,696.5,,E,340,2006-10-01,2020-02-29,50.0092,"NEUHUTTEN SPESSART, GM",1,GHCND:GME00132238,METERS,9.425
2018-01-01T00:00:00,PRCP,GHCND:GME00132250,456.9,,E,390,2006-12-01,2020-02-29,50.6619,"LANGENWETZENDORF GOTTENDORF, GM",1,GHCND:GME00132250,METERS,12.0769
2018-01-01T00:00:00,PRCP,GHCND:GME00132262,363.8,,E,246,2007-04-01,2020-02-29,51.1056,"KREIPITZSCH BEI BAD KOSEN, GM",1,GHCND:GME00132262,METERS,11.7125
2018-01-01T00:00:00,PRCP,GHCND:GME00132274,1212.7,,E,458,2006-12-01,2020-02-29,47.7731,"PIDING, GM",1,GHCND:GME00132274,METERS,12.9089
2018-01-01T00:00:00,PRCP,GHCND:GME00132286,508.3,,E,17,2007-08-31,2020-02-29,54.0206,"PADENSTEDT PONY PARK, GM",1,GHCND:GME00132286,METERS,9.9267
2018-01-01T00:00:00,PRCP,GHCND:GME00132298,606.9,,E,397,2007-05-01,2020-02-29,50.4178,"VEILSDORF, GM",1,GHCND:GME00132298,METERS,10.8167
2018-01-01T00:00:00,PRCP,GHCND:GME00132310,950.6,,E,604,2007-11-01,2020-02-29,48.0139,"OBERHACHING LAUFZORN, GM",1,GHCND:GME00132310,METERS,11.5539
2018-01-01T00:00:00,PRCP,GHCND:GME00132322,415.6,,E,72,2007-05-01,2020-02-29,52.6439,"WITTINGEN VORHOP, GM",1,GHCND:GME00132322,METERS,10.6642
2018-01-01T00:00:00,PRCP,GHCND:GME00132334,644.6,,E,340,1935-01-01,2020-02-29,49.5192,"KR. NECKAR ODENWALD BUCHEN, GM",0.9726,GHCND:GME00132334,METERS,9.3225
2018-01-01T00:00:00,PRCP,GHCND:GME00132346,847.3,,E,445,1990-10-01,2020-02-29,47.9631,"BUCHENBACH, GM",1,GHCND:GME00132346,METERS,7.9989
2018-01-01T00:00:00,PRCP,GHCND:GME00132358,564.3,,E,77,1976-06-01,2020-02-29,53.3567,"BUCHHOLZ IN DER NORDHEIDE, GM",0.7467,GHCND:GME00132358,METERS,9.9367
2018-01-01T00:00:00,PRCP,GHCND:GME00132382,425.9,,E,68,1978-01-01,2020-02-29,52.2817,"BUCKEBURG, GM",0.9955,GHCND:GME00132382,METERS,9.0878
2018-01-01T00:00:00,PRCP,GHCND:GME00132430,615.2,,E,65,1961-01-01,2020-02-29,52.4864,"ALFHAUSEN, GM",0.9958,GHCND:GME00132430,METERS,7.9128
2018-01-01T00:00:00,PRCP,GHCND:GME00132466,622,,E,293,1952-10-01,2020-02-29,51.0317,"BURGWALD BOTTENDORF, GM",0.9963,GHCND:GME00132466,METERS,8.8156
2018-01-01T00:00:00,PRCP,GHCND:GME00132490,887.4,,E,897,1995-03-01,2020-02-29,50.4319,"CARLSFELD, GM",0.999,GHCND:GME00132490,METERS,12.6128
2018-01-01T00:00:00,PRCP,GHCND:GME00132502,458.9,,E,33,1940-01-01,2020-02-29,52.6164,"CELLE STADT, GM",0.974,GHCND:GME00132502,METERS,10.0739
2018-01-01T00:00:00,PRCP,GHCND:GME00132526,538,,E,389,1931-01-01,2020-02-29,49.2514,"PEMFLING PITZLING, GM",0.9673,GHCND:GME00132526,METERS,12.6056
2018-01-01T00:00:00,PRCP,GHCND:GME00132538,507.5,,E,418,1882-01-01,2020-02-28,50.7925,"CHEMNITZ, GM",0.9379,GHCND:GME00132538,METERS,12.8733
2018-01-01T00:00:00,PRCP,GHCND:GME00132550,942.3,,E,551,1998-01-01,2020-02-29,47.8853,"CHIEMING, GM",0.9558,GHCND:GME00132550,METERS,12.5417
2018-01-01T00:00:00,PRCP,GHCND:GME00132586,445.6,,E,345,1947-01-01,2020-02-29,50.3081,"LAUTERTAL OBERLAUTER, GM",0.9983,GHCND:GME00132586,METERS,10.9692
2018-01-01T00:00:00,PRCP,GHCND:GME00132610,616.5,,E,423,1950-01-01,2020-02-29,49.0992,"CRAILSHEIM ALEXANDERSREUT, GM",0.9958,GHCND:GME00132610,METERS,10.0992
2018-01-01T00:00:00,PRCP,GHCND:GME00132634,426.5,,E,170,1949-07-01,2020-02-29,51.0783,"DACHWIG, GM",0.9929,GHCND:GME00132634,METERS,10.8639
2018-01-01T00:00:00,PRCP,GHCND:GME00132646,476.8,,E,162,1995-08-01,2020-02-29,49.8817,"DARMSTADT, GM",0.9998,GHCND:GME00132646,METERS,8.6775
2018-01-01T00:00:00,PRCP,GHCND:GME00132682,524.5,,E,300,1978-11-01,2020-02-29,50.7456,"ALSFELD EIFA, GM",0.998,GHCND:GME00132682,METERS,9.3467
2018-01-01T00:00:00,PRCP,GHCND:GME00132694,678.9,,E,708,1989-08-01,2020-02-29,47.8017,"DEGGENHAUSERTAL AZENWEILER, GM",0.9999,GHCND:GME00132694,METERS,9.4117
2018-01-01T00:00:00,PRCP,GHCND:GME00132730,851.1,,E,481,1931-01-01,2020-02-29,49.7631,"DEUSELBACH, GM",0.9816,GHCND:GME00132730,METERS,7.0556
2018-01-01T00:00:00,PRCP,GHCND:GME00132778,611,,E,405,1985-04-01,2020-02-29,49.4169,"DIETENHOFEN, GM",0.9927,GHCND:GME00132778,METERS,10.6742
2018-01-01T00:00:00,PRCP,GHCND:GME00132790,642.5,,E,314,1931-01-01,2020-02-29,50.7325,"DILLENBURG, GM",0.9749,GHCND:GME00132790,METERS,8.2631
2018-01-01T00:00:00,PRCP,GHCND:GME00132814,535.7,,E,419,1951-01-01,2020-02-29,48.5569,"DILLINGEN DONAU FRISTINGEN, GM",0.9855,GHCND:GME00132814,METERS,10.5608
2018-01-01T00:00:00,PRCP,GHCND:GME00132838,503.8,,E,365,1945-08-01,2020-02-29,50.9181,"DIPPOLDISWALDE REINBERG, GM",0.9955,GHCND:GME00132838,METERS,13.7144
2018-01-01T00:00:00,PRCP,GHCND:GMM00010097,350,,E,12,1947-08-01,2020-02-29,54.2456,"GREIFSWALDER OIE, GM",0.4789,GHCND:GMM00010097,METERS,13.9125
2018-01-01T00:00:00,PRCP,GHCND:GMM00010129,568.3,,E,7,1949-01-01,2020-02-29,53.5344,"BREMERHAVEN, GM",0.9997,GHCND:GMM00010129,METERS,8.5769
2018-01-01T00:00:00,PRCP,GHCND:GMM00010161,418.4,,E,15,1947-01-01,2020-02-29,54.0042,"BOLTENHAGEN, GM",1,GHCND:GMM00010161,METERS,11.1919
2018-01-01T00:00:00,PRCP,GHCND:GMM00010168,445.1,,E,58,1947-01-01,2020-02-29,53.6069,"GOLDBERG, GM",0.9699,GHCND:GMM00010168,METERS,12.1042
2018-01-01T00:00:00,PRCP,GHCND:GMM00010253,299,,E,17,1931-01-01,2019-12-15,52.9739,"LUCHOW, GM",0.9775,GHCND:GMM00010253,METERS,11.1392
2018-01-01T00:00:00,PRCP,GHCND:GMM00010267,424.7,,E,40,1951-01-01,2020-02-29,52.9381,"KYRITZ, GM",0.969,GHCND:GMM00010267,METERS,12.4106
2018-01-01T00:00:00,PRCP,GHCND:GMM00010281,314.4,,E,69,1994-12-01,2020-02-29,53.6019,"TROLLENHAGEN, GM",0.9726,GHCND:GMM00010281,METERS,13.3058
2018-01-01T00:00:00,PRCP,GHCND:GMM00010309,549.7,,E,46,2006-03-01,2020-02-29,52.0828,"AHAUS, GM",1,GHCND:GMM00010309,METERS,6.9417
2018-01-01T00:00:00,PRCP,GHCND:GMM00010321,420.1,,E,39,1952-09-01,2020-03-27,52.5903,"DIEPHOLZ, GM",1,GHCND:GMM00010321,METERS,8.3464
2018-01-01T00:00:00,PRCP,GHCND:GMM00010396,359,,E,12,1985-01-01,2020-02-29,52.5481,"MANSCHNOW, GM",0.9896,GHCND:GMM00010396,METERS,14.5475
2018-01-01T00:00:00,PRCP,GHCND:GMM00010424,529.1,,E,85,1978-09-01,2020-02-29,51.5778,"WERL, GM",0.9998,GHCND:GMM00010424,METERS,7.8889
2018-01-01T00:00:00,PRCP,GHCND:GMM00010449,492.9,,E,356,1936-01-04,2020-02-29,51.3853,"LEINEFELDE, GM",0.9835,GHCND:GMM00010449,METERS,10.3017
2018-01-01T00:00:00,PRCP,GHCND:GMM00010452,913.2,,E,607,1931-01-01,2020-02-29,51.725,"BRAUNLAGE, GM",0.9813,GHCND:GMM00010452,METERS,10.6039
2018-01-01T00:00:00,PRCP,GHCND:GMM00010480,396.6,,E,150,1937-01-01,2020-02-29,51.2969,"OSCHATZ, GM",0.9993,GHCND:GMM00010480,METERS,13.0944
2018-01-01T00:00:00,PRCP,GHCND:GMM00010526,787.1,,E,547,1962-12-01,2020-02-29,50.6631,"BAD MARIENBERG, GM",1,GHCND:GMM00010526,METERS,7.9594
2018-01-01T00:00:00,PRCP,GHCND:GMM00010579,583.3,,E,639,1956-01-01,2020-02-29,50.6519,"MARIENBERG, GM",0.9191,GHCND:GMM00010579,METERS,13.1483
2018-01-01T00:00:00,PRCP,GHCND:GMM00010704,810.4,,E,363,1951-01-01,2020-02-29,49.2653,"BERUS, GM",0.9956,GHCND:GMM00010704,METERS,6.6878
2018-01-01T00:00:00,PRCP,GHCND:GMM00010724,523.8,,E,553,1953-01-01,2020-02-29,49.3767,"WEINBIET, GM",0.8984,GHCND:GMM00010724,METERS,8.1225
2018-01-01T00:00:00,PRCP,GHCND:GMM00010733,634.1,,E,237,2007-07-01,2020-02-29,49.2953,"WAIBSTADT, GM",1,GHCND:GMM00010733,METERS,8.9064
2018-01-01T00:00:00,PRCP,GHCND:GMM00010736,526.7,,E,244,1988-01-01,2020-02-29,48.9731,"MUHLACKER, GM",0.8105,GHCND:GMM00010736,METERS,8.8742
2018-01-01T00:00:00,PRCP,GHCND:GMM00010761,583.1,,E,422,1931-01-01,2020-02-29,49.0203,"WEISSENBURG, GM",0.9883,GHCND:GMM00010761,METERS,10.9617
2018-01-01T00:00:00,PRCP,GHCND:GMM00010818,726.7,,E,973,1947-01-01,2020-02-29,48.1064,"KLIPPENECK, GM",0.9971,GHCND:GMM00010818,METERS,8.7556
2018-01-01T00:00:00,PRCP,GHCND:GMM00010827,773.9,,E,920,1974-08-20,2020-02-29,48.1844,"MESSSTETTEN, GM",0.9437,GHCND:GMM00010827,METERS,8.9925
2018-01-01T00:00:00,PRCP,GHCND:GMM00010863,728.3,,E,477,1929-06-01,2020-02-29,48.4031,"WEIHENSTEPHAN DURNAST, GM",0.9543,GHCND:GMM00010863,METERS,11.6956
2018-01-01T00:00:00,PRCP,GHCND:GMM00010870,743.2,,E,444,1939-11-01,2020-03-29,48.3667,"SCHWAIGERMOOS, GM",0.9315,GHCND:GMM00010870,METERS,11.8
2018-01-01T00:00:00,PRCP,GHCND:GMM00010963,1288.5,,E,719,1936-01-01,2020-02-29,47.4839,"GARMISCH PARTENKIRCHEN, GM",0.9891,GHCND:GMM00010963,METERS,11.0633
2018-01-01T00:00:00,PRCP,GHCND:GMW00034068,488.3,,E,96,1936-01-01,2020-02-29,49.56667,"COLEMAN, GM",0.964,GHCND:GMW00034068,METERS,8.46667
2018-01-01T00:00:00,PRCP,GHCND:GMW00034178,731.4,,E,530,1949-01-01,2020-02-29,48.2,"FURSTENFELDBRUCK, GM",1,GHCND:GMW00034178,METERS,11.26667
2018-01-01T00:00:00,PRCP,GHCND:GMW00035032,400.7,,E,112.2,1870-01-01,2020-03-29,50.03333,"RHEIN MAIN, GM",0.9983,GHCND:GMW00035032,METERS,8.58333
2018-01-01T00:00:00,PRCP,GHCND:NLE00109280,553.4,,E,55,1995-04-01,2020-02-10,50.9831,"SCHINVELD, GM",0.9999,GHCND:NLE00109280,METERS,5.9831
